record_id,product_id,price,date,crawl_time
14850798153_0,14850798153,568.0,2025-04-07,2025-04-22 15:45:56
14850798153_1,14850798153,629.0,2025-03-17,2025-04-22 15:45:56
14850798153_2,14850798153,620.0,2025-03-06,2025-04-22 15:45:56
14850798153_3,14850798153,620.0,2025-02-17,2025-04-22 15:45:56
14850798153_4,14850798153,620.0,2025-01-07,2025-04-22 15:45:56
14850798153_5,14850798153,610.0,2024-12-24,2025-04-22 15:45:56
14850798153_6,14850798153,560.0,2024-12-13,2025-04-22 15:45:56
14850798153_7,14850798153,565.0,2024-12-04,2025-04-22 15:45:56
14850798153_8,14850798153,625.0,2024-11-27,2025-04-22 15:45:56
14850798153_9,14850798153,625.0,2024-11-10,2025-04-22 15:45:56
14850798153_10,14850798153,565.0,2024-11-06,2025-04-22 15:45:56
14850798153_11,14850798153,625.0,2024-11-01,2025-04-22 15:45:56
14850798153_12,14850798153,562.74,2024-10-18,2025-04-22 15:45:56
14850798153_13,14850798153,566.72,2024-10-17,2025-04-22 15:45:56
14850798153_14,14850798153,629.0,2024-10-15,2025-04-22 15:45:56
14850798153_15,14850798153,567.58,2024-10-14,2025-04-22 15:45:56
14850798153_16,14850798153,573.56,2024-10-09,2025-04-22 15:45:56
14850798153_17,14850798153,577.55,2024-10-08,2025-04-22 15:45:56
14850798153_18,14850798153,573.56,2024-09-23,2025-04-22 15:45:56
14850798153_19,14850798153,577.55,2024-09-21,2025-04-22 15:45:56
1540142634_0,1540142634,387.06,2024-11-19,2025-04-22 15:46:08
1540142634_1,1540142634,387.06,2024-10-24,2025-04-22 15:46:08
1540142634_2,1540142634,387.06,2024-10-03,2025-04-22 15:46:08
1540142634_3,1540142634,387.06,2024-09-13,2025-04-22 15:46:08
1540142634_4,1540142634,387.06,2024-08-23,2025-04-22 15:46:08
6856662_0,6856662,449.0,2025-04-03,2025-04-22 15:46:17
6856662_1,6856662,426.86,2025-03-10,2025-04-22 15:46:17
6856662_2,6856662,419.0,2024-12-05,2025-04-22 15:46:17
6856662_3,6856662,436.81,2024-11-20,2025-04-22 15:46:17
6856662_4,6856662,396.91,2024-11-19,2025-04-22 15:46:17
6856662_5,6856662,416.81,2024-11-12,2025-04-22 15:46:17
6856662_6,6856662,377.01,2024-11-09,2025-04-22 15:46:17
6856662_7,6856662,479.0,2024-11-08,2025-04-22 15:46:17
6856662_8,6856662,416.81,2024-11-08,2025-04-22 15:46:17
6856662_9,6856662,385.96,2024-11-07,2025-04-22 15:46:17
6856662_10,6856662,428.81,2024-11-04,2025-04-22 15:46:17
6856662_11,6856662,377.01,2024-10-31,2025-04-22 15:46:17
6856662_12,6856662,436.81,2024-10-28,2025-04-22 15:46:17
6856662_13,6856662,377.01,2024-10-27,2025-04-22 15:46:17
6856662_14,6856662,377.01,2024-10-26,2025-04-22 15:46:17
6856662_15,6856662,416.81,2024-10-26,2025-04-22 15:46:17
6856662_16,6856662,397.01,2024-10-23,2025-04-22 15:46:17
6856662_17,6856662,416.81,2024-10-16,2025-04-22 15:46:17
6856662_18,6856662,379.0,2024-10-14,2025-04-22 15:46:17
6856662_19,6856662,436.81,2024-10-04,2025-04-22 15:46:17
10028804444676_0,10028804444676,378.05,2024-10-06,2025-04-22 15:46:34
10028804444676_1,10028804444676,378.05,2024-09-07,2025-04-22 15:46:34
10028804444676_2,10028804444676,368.08,2024-08-24,2025-04-22 15:46:34
35587603704_0,35587603704,437.0,2025-03-18,2025-04-22 15:46:45
35587603704_1,35587603704,409.0,2025-03-11,2025-04-22 15:46:45
35587603704_2,35587603704,437.0,2025-03-06,2025-04-22 15:46:45
35587603704_3,35587603704,409.0,2025-02-20,2025-04-22 15:46:45
35587603704_4,35587603704,437.0,2025-02-11,2025-04-22 15:46:45
35587603704_5,35587603704,437.0,2025-02-10,2025-04-22 15:46:45
35587603704_6,35587603704,409.0,2025-01-31,2025-04-22 15:46:45
35587603704_7,35587603704,409.0,2025-01-21,2025-04-22 15:46:45
35587603704_8,35587603704,419.0,2025-01-04,2025-04-22 15:46:45
35587603704_9,35587603704,399.0,2025-01-03,2025-04-22 15:46:45
35587603704_10,35587603704,387.0,2024-12-31,2025-04-22 15:46:45
35587603704_11,35587603704,407.0,2024-12-25,2025-04-22 15:46:45
35587603704_12,35587603704,379.0,2024-12-15,2025-04-22 15:46:45
35587603704_13,35587603704,408.0,2024-11-27,2025-04-22 15:46:45
35587603704_14,35587603704,407.0,2024-11-18,2025-04-22 15:46:45
35587603704_15,35587603704,403.0,2024-11-10,2025-04-22 15:46:45
35587603704_16,35587603704,413.0,2024-11-08,2025-04-22 15:46:45
35587603704_17,35587603704,569.0,2024-11-07,2025-04-22 15:46:45
35587603704_18,35587603704,599.0,2024-11-06,2025-04-22 15:46:45
35587603704_19,35587603704,389.0,2024-11-04,2025-04-22 15:46:45
30549919246_0,30549919246,389.0,2024-08-29,2025-04-22 15:46:55
69924991659_0,69924991659,589.0,2025-03-18,2025-04-22 15:47:05
69924991659_1,69924991659,589.0,2025-02-18,2025-04-22 15:47:05
69924991659_2,69924991659,589.0,2025-01-07,2025-04-22 15:47:05
69924991659_3,69924991659,589.0,2024-12-18,2025-04-22 15:47:05
69924991659_4,69924991659,537.65,2024-11-21,2025-04-22 15:47:05
69924991659_5,69924991659,589.0,2024-11-18,2025-04-22 15:47:05
69924991659_6,69924991659,537.65,2024-11-14,2025-04-22 15:47:05
69924991659_7,69924991659,589.0,2024-11-09,2025-04-22 15:47:05
69924991659_8,69924991659,537.65,2024-11-09,2025-04-22 15:47:05
69924991659_9,69924991659,589.0,2024-11-08,2025-04-22 15:47:05
69924991659_10,69924991659,620.0,2024-11-08,2025-04-22 15:47:05
69924991659_11,69924991659,589.0,2024-11-06,2025-04-22 15:47:05
69924991659_12,69924991659,539.0,2024-11-06,2025-04-22 15:47:05
69924991659_13,69924991659,537.65,2024-11-04,2025-04-22 15:47:05
69924991659_14,69924991659,589.0,2024-10-31,2025-04-22 15:47:05
69924991659_15,69924991659,536.84,2024-10-26,2025-04-22 15:47:05
69924991659_16,69924991659,589.0,2024-10-22,2025-04-22 15:47:05
69924991659_17,69924991659,536.84,2024-10-16,2025-04-22 15:47:05
69924991659_18,69924991659,597.5,2024-10-14,2025-04-22 15:47:05
69924991659_19,69924991659,537.65,2024-10-10,2025-04-22 15:47:05
10029622853647_0,10029622853647,429.0,2024-12-28,2025-04-22 15:47:17
30504630390_0,30504630390,388.03,2024-09-30,2025-04-22 15:47:29
30934754106_0,30934754106,427.93,2024-09-13,2025-04-22 15:47:38
30934754106_1,30934754106,427.93,2024-08-23,2025-04-22 15:47:38
32586793952_0,32586793952,529.0,2024-12-03,2025-04-22 15:48:01
32586793952_1,32586793952,529.0,2024-10-22,2025-04-22 15:48:01
32586793952_2,32586793952,539.0,2024-10-13,2025-04-22 15:48:01
32586793952_3,32586793952,539.0,2024-09-26,2025-04-22 15:48:01
32586793952_4,32586793952,589.0,2024-09-20,2025-04-22 15:48:01
32586793952_5,32586793952,539.0,2024-09-17,2025-04-22 15:48:01
32586793952_6,32586793952,699.0,2024-09-16,2025-04-22 15:48:01
32586793952_7,32586793952,539.0,2024-09-12,2025-04-22 15:48:01
32586793952_8,32586793952,539.0,2024-08-22,2025-04-22 15:48:01
32586793952_9,32586793952,539.0,2024-07-18,2025-04-22 15:48:01
32586793952_10,32586793952,539.0,2024-07-01,2025-04-22 15:48:01
32586793952_11,32586793952,599.0,2024-06-03,2025-04-22 15:48:01
10469010825_0,10469010825,368.08,2024-11-19,2025-04-22 15:48:10
10469010825_1,10469010825,368.08,2024-10-10,2025-04-22 15:48:10
10469010825_2,10469010825,368.08,2024-09-25,2025-04-22 15:48:10
10469010825_3,10469010825,368.08,2024-09-04,2025-04-22 15:48:10
10469010825_4,10469010825,398.0,2024-09-04,2025-04-22 15:48:10
10469010825_5,10469010825,368.08,2024-08-22,2025-04-22 15:48:10
10469010825_6,10469010825,399.0,2024-06-01,2025-04-22 15:48:10
10469010825_7,10469010825,369.0,2024-05-24,2025-04-22 15:48:10
69924991661_0,69924991661,1239.0,2025-03-19,2025-04-22 15:48:18
69924991661_1,69924991661,1199.0,2025-03-18,2025-04-22 15:48:18
69924991661_2,69924991661,1199.0,2025-02-18,2025-04-22 15:48:18
69924991661_3,69924991661,1099.0,2025-02-10,2025-04-22 15:48:18
69924991661_4,69924991661,1199.0,2025-01-06,2025-04-22 15:48:18
69924991661_5,69924991661,1199.0,2024-12-17,2025-04-22 15:48:18
69924991661_6,69924991661,1199.0,2024-11-27,2025-04-22 15:48:18
69924991661_7,69924991661,1096.25,2024-11-21,2025-04-22 15:48:18
69924991661_8,69924991661,1199.0,2024-11-18,2025-04-22 15:48:18
69924991661_9,69924991661,1096.25,2024-11-14,2025-04-22 15:48:18
69924991661_10,69924991661,1199.0,2024-11-09,2025-04-22 15:48:18
69924991661_11,69924991661,1096.25,2024-11-04,2025-04-22 15:48:18
69924991661_12,69924991661,1199.0,2024-10-31,2025-04-22 15:48:18
69924991661_13,69924991661,1089.0,2024-10-26,2025-04-22 15:48:18
69924991661_14,69924991661,1199.0,2024-10-22,2025-04-22 15:48:18
69924991661_15,69924991661,1084.6,2024-10-16,2025-04-22 15:48:18
69924991661_16,69924991661,1199.0,2024-10-15,2025-04-22 15:48:18
69924991661_17,69924991661,1086.25,2024-10-10,2025-04-22 15:48:18
69924991661_18,69924991661,1199.0,2024-10-09,2025-04-22 15:48:18
69924991661_19,69924991661,1149.0,2024-10-08,2025-04-22 15:48:18
11532224232_0,11532224232,553.41,2024-11-07,2025-04-22 15:48:26
11532224232_1,11532224232,553.41,2024-10-17,2025-04-22 15:48:26
11532224232_2,11532224232,559.0,2024-10-17,2025-04-22 15:48:26
11532224232_3,11532224232,559.0,2024-10-02,2025-04-22 15:48:26
11532224232_4,11532224232,553.41,2024-09-13,2025-04-22 15:48:26
11532224232_5,11532224232,553.41,2024-08-23,2025-04-22 15:48:26
11532224232_6,11532224232,559.0,2024-04-01,2025-04-22 15:48:26
11532224232_7,11532224232,559.0,2024-03-31,2025-04-22 15:48:26
10026031280326_0,10026031280326,374.06,2024-10-18,2025-04-22 15:48:35
10026031280326_1,10026031280326,374.06,2024-09-21,2025-04-22 15:48:35
10026031280326_2,10026031280326,358.1,2024-09-14,2025-04-22 15:48:35
10026031280326_3,10026031280326,358.1,2024-08-24,2025-04-22 15:48:35
100020805903_0,100020805903,819.0,2025-03-29,2025-04-22 15:48:48
100020805903_1,100020805903,774.91,2025-03-20,2025-04-22 15:48:48
100020805903_2,100020805903,785.06,2025-03-15,2025-04-22 15:48:48
100020805903_3,100020805903,685.36,2025-02-14,2025-04-22 15:48:48
100020805903_4,100020805903,779.0,2025-02-02,2025-04-22 15:48:48
100020805903_5,100020805903,799.0,2025-01-31,2025-04-22 15:48:48
100020805903_6,100020805903,779.0,2025-01-30,2025-04-22 15:48:48
100020805903_7,100020805903,765.16,2024-11-16,2025-04-22 15:48:48
100020805903_8,100020805903,775.11,2024-11-14,2025-04-22 15:48:48
100020805903_9,100020805903,725.26,2024-11-10,2025-04-22 15:48:48
100020805903_10,100020805903,735.21,2024-11-05,2025-04-22 15:48:48
100020805903_11,100020805903,739.0,2024-11-04,2025-04-22 15:48:48
100020805903_12,100020805903,725.26,2024-11-01,2025-04-22 15:48:48
100020805903_13,100020805903,749.0,2024-10-31,2025-04-22 15:48:48
100020805903_14,100020805903,755.11,2024-10-29,2025-04-22 15:48:48
100020805903_15,100020805903,765.16,2024-10-28,2025-04-22 15:48:48
100020805903_16,100020805903,755.11,2024-10-25,2025-04-22 15:48:48
100020805903_17,100020805903,745.16,2024-10-21,2025-04-22 15:48:48
100020805903_18,100020805903,755.11,2024-10-19,2025-04-22 15:48:48
100020805903_19,100020805903,745.16,2024-10-18,2025-04-22 15:48:48
100063728683_0,100063728683,5469.0,2025-03-13,2025-04-22 15:48:57
100063728683_1,100063728683,5469.0,2025-01-30,2025-04-22 15:48:57
100063728683_2,100063728683,5599.0,2024-12-20,2025-04-22 15:48:57
100063728683_3,100063728683,5499.0,2024-12-12,2025-04-22 15:48:57
100063728683_4,100063728683,5571.01,2024-11-14,2025-04-22 15:48:57
100063728683_5,100063728683,5491.41,2024-11-13,2025-04-22 15:48:57
100063728683_6,100063728683,5549.0,2024-10-31,2025-04-22 15:48:57
100063728683_7,100063728683,5571.01,2024-10-29,2025-04-22 15:48:57
100063728683_8,100063728683,5541.16,2024-10-28,2025-04-22 15:48:57
100063728683_9,100063728683,5571.01,2024-10-25,2025-04-22 15:48:57
100063728683_10,100063728683,5521.16,2024-10-21,2025-04-22 15:48:57
100063728683_11,100063728683,5571.01,2024-10-19,2025-04-22 15:48:57
100063728683_12,100063728683,5521.16,2024-10-17,2025-04-22 15:48:57
100063728683_13,100063728683,5551.01,2024-10-16,2025-04-22 15:48:57
100063728683_14,100063728683,5549.0,2024-10-14,2025-04-22 15:48:57
100063728683_15,100063728683,5551.01,2024-10-09,2025-04-22 15:48:57
100063728683_16,100063728683,5521.26,2024-10-08,2025-04-22 15:48:57
100063728683_17,100063728683,5551.01,2024-09-19,2025-04-22 15:48:57
100063728683_18,100063728683,5571.01,2024-09-01,2025-04-22 15:48:57
100063728683_19,100063728683,5969.01,2024-08-22,2025-04-22 15:48:57
70730886945_0,70730886945,497.75,2024-10-17,2025-04-22 15:49:06
70730886945_1,70730886945,497.75,2024-09-29,2025-04-22 15:49:06
11985114751_0,11985114751,1369.0,2024-12-26,2025-04-22 15:49:14
11985114751_1,11985114751,1369.0,2024-12-24,2025-04-22 15:49:14
11985114751_2,11985114751,1369.0,2024-12-20,2025-04-22 15:49:14
11985114751_3,11985114751,1369.0,2024-12-19,2025-04-22 15:49:14
11985114751_4,11985114751,1369.0,2024-12-13,2025-04-22 15:49:14
11985114751_5,11985114751,1369.0,2024-12-09,2025-04-22 15:49:14
11985114751_6,11985114751,1369.0,2024-11-30,2025-04-22 15:49:14
11985114751_7,11985114751,1369.0,2024-11-27,2025-04-22 15:49:14
11985114751_8,11985114751,1369.0,2024-11-21,2025-04-22 15:49:14
11985114751_9,11985114751,1369.0,2024-11-18,2025-04-22 15:49:14
11985114751_10,11985114751,1369.0,2024-11-14,2025-04-22 15:49:14
11985114751_11,11985114751,1369.0,2024-11-09,2025-04-22 15:49:14
11985114751_12,11985114751,1365.58,2024-11-09,2025-04-22 15:49:14
11985114751_13,11985114751,1369.0,2024-11-09,2025-04-22 15:49:14
11985114751_14,11985114751,1369.0,2024-11-08,2025-04-22 15:49:14
11985114751_15,11985114751,1999.0,2024-11-08,2025-04-22 15:49:14
11985114751_16,11985114751,1369.0,2024-11-06,2025-04-22 15:49:14
11985114751_17,11985114751,1369.0,2024-11-04,2025-04-22 15:49:14
11985114751_18,11985114751,1369.0,2024-10-31,2025-04-22 15:49:14
11985114751_19,11985114751,1369.0,2024-10-17,2025-04-22 15:49:14
45549436447_0,45549436447,1199.0,2025-04-20,2025-04-22 15:49:33
45549436447_1,45549436447,1199.0,2025-04-14,2025-04-22 15:49:33
45549436447_2,45549436447,1199.0,2025-03-09,2025-04-22 15:49:33
45549436447_3,45549436447,1199.0,2025-02-07,2025-04-22 15:49:33
45549436447_4,45549436447,1199.0,2025-01-14,2025-04-22 15:49:33
45549436447_5,45549436447,1199.0,2025-01-02,2025-04-22 15:49:33
45549436447_6,45549436447,1199.0,2024-12-15,2025-04-22 15:49:33
45549436447_7,45549436447,1199.0,2024-12-09,2025-04-22 15:49:33
45549436447_8,45549436447,1199.0,2024-11-27,2025-04-22 15:49:33
45549436447_9,45549436447,1199.0,2024-11-17,2025-04-22 15:49:33
45549436447_10,45549436447,1199.0,2024-11-12,2025-04-22 15:49:33
45549436447_11,45549436447,1199.0,2024-11-07,2025-04-22 15:49:33
45549436447_12,45549436447,1199.0,2024-10-28,2025-04-22 15:49:33
45549436447_13,45549436447,1199.0,2024-10-04,2025-04-22 15:49:33
45549436447_14,45549436447,1199.0,2024-09-20,2025-04-22 15:49:33
45549436447_15,45549436447,1199.0,2024-09-12,2025-04-22 15:49:33
45549436447_16,45549436447,1199.0,2024-08-23,2025-04-22 15:49:33
45549436447_17,45549436447,799.0,2024-05-25,2025-04-22 15:49:33
31927079026_0,31927079026,1979.0,2025-03-18,2025-04-22 15:49:47
31927079026_1,31927079026,1979.0,2025-02-18,2025-04-22 15:49:47
31927079026_2,31927079026,1879.0,2025-02-10,2025-04-22 15:49:47
31927079026_3,31927079026,2099.0,2025-01-08,2025-04-22 15:49:47
31927079026_4,31927079026,1999.0,2024-12-25,2025-04-22 15:49:47
31927079026_5,31927079026,2099.0,2024-12-19,2025-04-22 15:49:47
31927079026_6,31927079026,2099.0,2024-11-27,2025-04-22 15:49:47
31927079026_7,31927079026,2099.0,2024-11-10,2025-04-22 15:49:47
31927079026_8,31927079026,1999.0,2024-10-22,2025-04-22 15:49:47
31927079026_9,31927079026,1891.4,2024-10-19,2025-04-22 15:49:47
31927079026_10,31927079026,2099.0,2024-10-15,2025-04-22 15:49:47
31927079026_11,31927079026,1894.25,2024-10-12,2025-04-22 15:49:47
31927079026_12,31927079026,2099.0,2024-10-09,2025-04-22 15:49:47
31927079026_13,31927079026,1894.25,2024-10-03,2025-04-22 15:49:47
31927079026_14,31927079026,2103.73,2024-09-21,2025-04-22 15:49:47
31927079026_15,31927079026,2309.0,2024-09-20,2025-04-22 15:49:47
31927079026_16,31927079026,2103.73,2024-09-11,2025-04-22 15:49:47
31927079026_17,31927079026,2309.0,2024-09-10,2025-04-22 15:49:47
31927079026_18,31927079026,2103.73,2024-08-28,2025-04-22 15:49:47
31927079026_19,31927079026,2309.0,2024-08-18,2025-04-22 15:49:47
14851201806_0,14851201806,415.0,2025-04-02,2025-04-22 15:49:55
14851201806_1,14851201806,448.0,2025-03-18,2025-04-22 15:49:55
14851201806_2,14851201806,448.0,2025-02-18,2025-04-22 15:49:55
14851201806_3,14851201806,448.0,2025-01-06,2025-04-22 15:49:55
14851201806_4,14851201806,448.0,2024-12-18,2025-04-22 15:49:55
14851201806_5,14851201806,449.0,2024-11-27,2025-04-22 15:49:55
14851201806_6,14851201806,407.98,2024-11-21,2025-04-22 15:49:55
14851201806_7,14851201806,449.0,2024-11-18,2025-04-22 15:49:55
14851201806_8,14851201806,407.98,2024-11-14,2025-04-22 15:49:55
14851201806_9,14851201806,449.0,2024-11-09,2025-04-22 15:49:55
14851201806_10,14851201806,407.98,2024-11-09,2025-04-22 15:49:55
14851201806_11,14851201806,449.0,2024-11-08,2025-04-22 15:49:55
14851201806_12,14851201806,460.0,2024-11-08,2025-04-22 15:49:55
14851201806_13,14851201806,449.0,2024-11-06,2025-04-22 15:49:55
14851201806_14,14851201806,407.98,2024-11-04,2025-04-22 15:49:55
14851201806_15,14851201806,449.0,2024-10-31,2025-04-22 15:49:55
14851201806_16,14851201806,399.0,2024-10-26,2025-04-22 15:49:55
14851201806_17,14851201806,429.0,2024-10-22,2025-04-22 15:49:55
14851201806_18,14851201806,399.0,2024-10-16,2025-04-22 15:49:55
14851201806_19,14851201806,449.0,2024-10-15,2025-04-22 15:49:55
1479343230_0,1479343230,429.0,2025-04-16,2025-04-22 15:50:04
1479343230_1,1479343230,429.0,2025-03-28,2025-04-22 15:50:04
1479343230_2,1479343230,447.0,2025-03-18,2025-04-22 15:50:04
1479343230_3,1479343230,419.0,2025-03-11,2025-04-22 15:50:04
1479343230_4,1479343230,447.0,2025-03-06,2025-04-22 15:50:04
1479343230_5,1479343230,429.0,2025-02-20,2025-04-22 15:50:04
1479343230_6,1479343230,457.0,2025-02-11,2025-04-22 15:50:04
1479343230_7,1479343230,457.0,2025-02-10,2025-04-22 15:50:04
1479343230_8,1479343230,429.0,2025-01-31,2025-04-22 15:50:04
1479343230_9,1479343230,429.0,2025-01-21,2025-04-22 15:50:04
1479343230_10,1479343230,439.0,2025-01-05,2025-04-22 15:50:04
1479343230_11,1479343230,399.0,2024-12-31,2025-04-22 15:50:04
1479343230_12,1479343230,427.0,2024-12-24,2025-04-22 15:50:04
1479343230_13,1479343230,399.0,2024-12-15,2025-04-22 15:50:04
1479343230_14,1479343230,433.0,2024-12-10,2025-04-22 15:50:04
1479343230_15,1479343230,425.0,2024-11-27,2025-04-22 15:50:04
1479343230_16,1479343230,396.01,2024-11-21,2025-04-22 15:50:04
1479343230_17,1479343230,425.0,2024-11-18,2025-04-22 15:50:04
1479343230_18,1479343230,421.0,2024-11-10,2025-04-22 15:50:04
1479343230_19,1479343230,422.0,2024-11-08,2025-04-22 15:50:04
10020175172862_0,10020175172862,2599.0,2024-12-27,2025-04-22 15:50:13
10020175172862_1,10020175172862,2599.0,2024-12-25,2025-04-22 15:50:13
10020175172862_2,10020175172862,2599.0,2024-12-09,2025-04-22 15:50:13
10020175172862_3,10020175172862,2599.0,2024-11-23,2025-04-22 15:50:13
10020175172862_4,10020175172862,2599.0,2024-11-01,2025-04-22 15:50:13
10020175172862_5,10020175172862,2599.0,2024-10-17,2025-04-22 15:50:13
10020175172862_6,10020175172862,3399.0,2024-10-06,2025-04-22 15:50:13
10020175172862_7,10020175172862,2599.0,2024-09-14,2025-04-22 15:50:13
10020175172862_8,10020175172862,2599.0,2024-08-31,2025-04-22 15:50:13
10020175172862_9,10020175172862,2645.71,2024-08-24,2025-04-22 15:50:13
10020175172862_10,10020175172862,2659.0,2024-07-09,2025-04-22 15:50:13
69570580816_0,69570580816,849.0,2025-04-10,2025-04-22 15:50:26
69570580816_1,69570580816,849.0,2024-12-20,2025-04-22 15:50:26
69570580816_2,69570580816,849.0,2024-12-17,2025-04-22 15:50:26
69570580816_3,69570580816,849.0,2024-12-13,2025-04-22 15:50:26
69570580816_4,69570580816,849.0,2024-12-09,2025-04-22 15:50:26
69570580816_5,69570580816,849.0,2024-12-02,2025-04-22 15:50:26
69570580816_6,69570580816,920.0,2024-11-08,2025-04-22 15:50:26
69570580816_7,69570580816,849.0,2024-10-22,2025-04-22 15:50:26
69570580816_8,69570580816,849.0,2024-10-07,2025-04-22 15:50:26
69570580816_9,69570580816,849.0,2024-09-22,2025-04-22 15:50:26
69570580816_10,69570580816,939.0,2024-09-20,2025-04-22 15:50:26
69570580816_11,69570580816,940.0,2024-09-18,2025-04-22 15:50:26
69570580816_12,69570580816,940.0,2024-09-17,2025-04-22 15:50:26
69570580816_13,69570580816,849.0,2024-09-17,2025-04-22 15:50:26
69570580816_14,69570580816,940.0,2024-09-16,2025-04-22 15:50:26
69570580816_15,69570580816,849.0,2024-09-16,2025-04-22 15:50:26
69570580816_16,69570580816,940.0,2024-09-15,2025-04-22 15:50:26
69570580816_17,69570580816,849.0,2024-09-15,2025-04-22 15:50:26
69570580816_18,69570580816,940.0,2024-09-14,2025-04-22 15:50:26
69570580816_19,69570580816,849.0,2024-09-14,2025-04-22 15:50:26
13062841840_0,13062841840,579.0,2025-04-11,2025-04-22 15:50:36
13062841840_1,13062841840,598.0,2025-03-18,2025-04-22 15:50:36
13062841840_2,13062841840,583.0,2025-03-08,2025-04-22 15:50:36
13062841840_3,13062841840,595.0,2025-03-06,2025-04-22 15:50:36
13062841840_4,13062841840,539.0,2025-02-22,2025-04-22 15:50:36
13062841840_5,13062841840,549.0,2025-02-13,2025-04-22 15:50:36
13062841840_6,13062841840,595.0,2025-02-11,2025-04-22 15:50:36
13062841840_7,13062841840,595.0,2025-02-10,2025-04-22 15:50:36
13062841840_8,13062841840,539.0,2025-02-09,2025-04-22 15:50:36
13062841840_9,13062841840,539.0,2025-01-31,2025-04-22 15:50:36
13062841840_10,13062841840,539.0,2025-01-27,2025-04-22 15:50:36
13062841840_11,13062841840,599.0,2025-01-09,2025-04-22 15:50:36
13062841840_12,13062841840,609.0,2025-01-08,2025-04-22 15:50:36
13062841840_13,13062841840,609.0,2025-01-07,2025-04-22 15:50:36
13062841840_14,13062841840,609.0,2024-12-24,2025-04-22 15:50:36
13062841840_15,13062841840,574.0,2024-12-18,2025-04-22 15:50:36
13062841840_16,13062841840,539.0,2024-12-15,2025-04-22 15:50:36
13062841840_17,13062841840,595.0,2024-12-10,2025-04-22 15:50:36
13062841840_18,13062841840,595.0,2024-11-18,2025-04-22 15:50:36
13062841840_19,13062841840,741.0,2024-11-07,2025-04-22 15:50:36
1581497121_0,1581497121,359.0,2024-12-27,2025-04-22 15:51:12
30549919247_0,30549919247,429.0,2025-04-22,2025-04-22 15:51:21
30549919247_1,30549919247,419.0,2025-03-31,2025-04-22 15:51:21
30549919247_2,30549919247,419.0,2025-03-04,2025-04-22 15:51:21
30549919247_3,30549919247,409.0,2024-11-27,2025-04-22 15:51:21
30549919247_4,30549919247,409.0,2024-11-10,2025-04-22 15:51:21
30549919247_5,30549919247,409.0,2024-10-15,2025-04-22 15:51:21
30549919247_6,30549919247,419.0,2024-10-09,2025-04-22 15:51:21
30549919247_7,30549919247,419.0,2024-09-20,2025-04-22 15:51:21
30549919247_8,30549919247,419.0,2024-08-29,2025-04-22 15:51:21
30549919247_9,30549919247,419.0,2024-07-22,2025-04-22 15:51:21
30549919247_10,30549919247,419.0,2024-07-06,2025-04-22 15:51:21
30549919247_11,30549919247,419.0,2024-06-17,2025-04-22 15:51:21
30549919247_12,30549919247,419.0,2024-06-04,2025-04-22 15:51:21
30549919247_13,30549919247,419.0,2024-06-03,2025-04-22 15:51:21
30549919247_14,30549919247,419.0,2024-05-29,2025-04-22 15:51:21
30549919247_15,30549919247,419.0,2024-05-28,2025-04-22 15:51:21
30549919247_16,30549919247,419.0,2024-05-25,2025-04-22 15:51:21
45549436430_0,45549436430,1299.0,2025-04-18,2025-04-22 15:51:32
45549436430_1,45549436430,1299.0,2025-04-01,2025-04-22 15:51:32
45549436430_2,45549436430,1299.0,2025-03-06,2025-04-22 15:51:32
45549436430_3,45549436430,1299.0,2025-02-08,2025-04-22 15:51:32
45549436430_4,45549436430,1299.0,2025-01-14,2025-04-22 15:51:32
45549436430_5,45549436430,1299.0,2025-01-01,2025-04-22 15:51:32
45549436430_6,45549436430,1299.0,2024-12-13,2025-04-22 15:51:32
45549436430_7,45549436430,1299.0,2024-12-10,2025-04-22 15:51:32
45549436430_8,45549436430,1299.0,2024-12-06,2025-04-22 15:51:32
45549436430_9,45549436430,1299.0,2024-11-27,2025-04-22 15:51:32
45549436430_10,45549436430,1299.0,2024-11-26,2025-04-22 15:51:32
45549436430_11,45549436430,1299.0,2024-11-18,2025-04-22 15:51:32
45549436430_12,45549436430,1299.0,2024-11-16,2025-04-22 15:51:32
45549436430_13,45549436430,1299.0,2024-11-10,2025-04-22 15:51:32
45549436430_14,45549436430,1299.0,2024-11-09,2025-04-22 15:51:32
45549436430_15,45549436430,1299.0,2024-11-05,2025-04-22 15:51:32
45549436430_16,45549436430,1299.0,2024-11-01,2025-04-22 15:51:32
45549436430_17,45549436430,1299.0,2024-10-30,2025-04-22 15:51:32
45549436430_18,45549436430,1299.0,2024-10-15,2025-04-22 15:51:32
45549436430_19,45549436430,1299.0,2024-09-27,2025-04-22 15:51:32
71756570563_0,71756570563,1039.0,2025-03-18,2025-04-22 15:51:42
71756570563_1,71756570563,1039.0,2025-02-18,2025-04-22 15:51:42
71756570563_2,71756570563,1039.0,2025-01-08,2025-04-22 15:51:42
71756570563_3,71756570563,1039.0,2024-12-19,2025-04-22 15:51:42
71756570563_4,71756570563,1039.0,2024-11-27,2025-04-22 15:51:42
71756570563_5,71756570563,1039.0,2024-11-10,2025-04-22 15:51:42
71756570563_6,71756570563,1039.0,2024-11-01,2025-04-22 15:51:42
71756570563_7,71756570563,935.24,2024-10-20,2025-04-22 15:51:42
71756570563_8,71756570563,1039.0,2024-10-15,2025-04-22 15:51:42
71756570563_9,71756570563,946.63,2024-10-03,2025-04-22 15:51:42
71756570563_10,71756570563,1049.0,2024-09-19,2025-04-22 15:51:42
71756570563_11,71756570563,946.63,2024-09-02,2025-04-22 15:51:42
71756570563_12,71756570563,956.6,2024-08-23,2025-04-22 15:51:42
71756570563_13,71756570563,1059.0,2024-08-20,2025-04-22 15:51:42
71756570563_14,71756570563,1069.0,2024-08-18,2025-04-22 15:51:42
71756570563_15,71756570563,959.0,2024-08-10,2025-04-22 15:51:42
71756570563_16,71756570563,1159.0,2024-08-08,2025-04-22 15:51:42
71756570563_17,71756570563,959.0,2024-08-01,2025-04-22 15:51:42
71756570563_18,71756570563,1059.0,2024-07-17,2025-04-22 15:51:42
71756570563_19,71756570563,1069.0,2024-06-17,2025-04-22 15:51:42
10030834045833_0,10030834045833,1839.0,2024-10-16,2025-04-22 15:52:11
10030834045833_1,10030834045833,1839.0,2024-09-26,2025-04-22 15:52:11
10030834045833_2,10030834045833,1820.61,2024-09-13,2025-04-22 15:52:11
10030834045833_3,10030834045833,1820.61,2024-08-23,2025-04-22 15:52:11
10030834045833_4,10030834045833,1839.0,2024-07-12,2025-04-22 15:52:11
10030834045833_5,10030834045833,1839.0,2024-06-25,2025-04-22 15:52:11
10030834045833_6,10030834045833,1839.0,2024-06-06,2025-04-22 15:52:11
10030834045833_7,10030834045833,1839.0,2024-05-31,2025-04-22 15:52:11
10030834045833_8,10030834045833,1839.0,2024-05-13,2025-04-22 15:52:11
10030834045833_9,10030834045833,1839.0,2024-04-25,2025-04-22 15:52:11
10030834045833_10,10030834045833,1839.0,2024-04-02,2025-04-22 15:52:11
10030834045833_11,10030834045833,1839.0,2024-03-29,2025-04-22 15:52:11
10030834045833_12,10030834045833,1839.0,2024-03-27,2025-04-22 15:52:11
10030834045833_13,10030834045833,1839.0,2024-03-25,2025-04-22 15:52:11
10027473762070_0,10027473762070,359.0,2024-12-27,2025-04-22 15:52:20
10027473762070_1,10027473762070,358.1,2024-11-19,2025-04-22 15:52:20
10027473762070_2,10027473762070,358.1,2024-10-16,2025-04-22 15:52:20
10027473762070_3,10027473762070,358.1,2024-09-29,2025-04-22 15:52:20
10027473762070_4,10027473762070,358.1,2024-09-13,2025-04-22 15:52:20
10027473762070_5,10027473762070,358.1,2024-08-23,2025-04-22 15:52:20
10027473762070_6,10027473762070,359.0,2024-04-25,2025-04-22 15:52:20
100047592785_0,100047592785,766.15,2025-03-18,2025-04-22 15:52:50
100047592785_1,100047592785,716.69,2025-03-04,2025-04-22 15:52:50
100047592785_2,100047592785,725.16,2025-02-28,2025-04-22 15:52:50
100047592785_3,100047592785,775.11,2024-11-19,2025-04-22 15:52:50
100047592785_4,100047592785,745.16,2024-11-17,2025-04-22 15:52:50
100047592785_5,100047592785,775.11,2024-11-14,2025-04-22 15:52:50
100047592785_6,100047592785,765.16,2024-11-12,2025-04-22 15:52:50
100047592785_7,100047592785,764.16,2024-11-11,2025-04-22 15:52:50
100047592785_8,100047592785,735.21,2024-11-11,2025-04-22 15:52:50
100047592785_9,100047592785,764.16,2024-11-10,2025-04-22 15:52:50
100047592785_10,100047592785,765.16,2024-11-10,2025-04-22 15:52:50
100047592785_11,100047592785,785.06,2024-11-07,2025-04-22 15:52:50
100047592785_12,100047592785,765.16,2024-11-06,2025-04-22 15:52:50
100047592785_13,100047592785,785.06,2024-11-04,2025-04-22 15:52:50
100047592785_14,100047592785,765.16,2024-11-02,2025-04-22 15:52:50
100047592785_15,100047592785,745.26,2024-10-31,2025-04-22 15:52:50
100047592785_16,100047592785,785.06,2024-10-25,2025-04-22 15:52:50
100047592785_17,100047592785,765.16,2024-10-20,2025-04-22 15:52:50
100047592785_18,100047592785,785.06,2024-10-20,2025-04-22 15:52:50
100047592785_19,100047592785,765.16,2024-10-19,2025-04-22 15:52:50
26688212101_0,26688212101,496.76,2024-11-19,2025-04-22 15:53:11
26688212101_1,26688212101,496.76,2024-10-20,2025-04-22 15:53:11
26688212101_2,26688212101,496.76,2024-10-04,2025-04-22 15:53:11
26688212101_3,26688212101,496.76,2024-09-14,2025-04-22 15:53:11
26688212101_4,26688212101,496.76,2024-08-23,2025-04-22 15:53:11
1540251218_0,1540251218,586.06,2024-10-08,2025-04-22 15:53:29
1540251218_1,1540251218,695.51,2024-10-01,2025-04-22 15:53:29
1540251218_2,1540251218,586.06,2024-09-13,2025-04-22 15:53:29
1540251218_3,1540251218,586.06,2024-08-23,2025-04-22 15:53:29
1540251218_4,1540251218,629.0,2024-05-25,2025-04-22 15:53:29
1581503163_0,1581503163,389.0,2024-05-31,2025-04-22 15:53:38
30724843164_0,30724843164,559.0,2025-03-18,2025-04-22 15:53:58
30724843164_1,30724843164,549.0,2024-11-10,2025-04-22 15:53:58
30724843164_2,30724843164,659.0,2024-10-15,2025-04-22 15:53:58
30724843164_3,30724843164,659.0,2024-09-20,2025-04-22 15:53:58
30724843164_4,30724843164,659.0,2024-08-28,2025-04-22 15:53:58
30724843164_5,30724843164,599.0,2024-05-25,2025-04-22 15:53:58
69924991660_0,69924991660,969.0,2025-03-18,2025-04-22 15:54:08
69924991660_1,69924991660,969.0,2025-02-18,2025-04-22 15:54:08
69924991660_2,69924991660,969.0,2025-01-07,2025-04-22 15:54:08
69924991660_3,69924991660,959.0,2024-12-24,2025-04-22 15:54:08
69924991660_4,69924991660,969.0,2024-12-18,2025-04-22 15:54:08
69924991660_5,69924991660,969.0,2024-11-27,2025-04-22 15:54:08
69924991660_6,69924991660,876.8,2024-11-21,2025-04-22 15:54:08
69924991660_7,69924991660,969.0,2024-11-18,2025-04-22 15:54:08
69924991660_8,69924991660,969.0,2024-10-31,2025-04-22 15:54:08
69924991660_9,69924991660,875.48,2024-10-26,2025-04-22 15:54:08
69924991660_10,69924991660,929.0,2024-10-22,2025-04-22 15:54:08
69924991660_11,69924991660,875.48,2024-10-16,2025-04-22 15:54:08
69924991660_12,69924991660,969.0,2024-10-15,2025-04-22 15:54:08
69924991660_13,69924991660,876.8,2024-10-12,2025-04-22 15:54:08
69924991660_14,69924991660,896.75,2024-10-10,2025-04-22 15:54:08
69924991660_15,69924991660,969.0,2024-10-09,2025-04-22 15:54:08
69924991660_16,69924991660,989.0,2024-10-09,2025-04-22 15:54:08
69924991660_17,69924991660,896.75,2024-09-21,2025-04-22 15:54:08
69924991660_18,69924991660,989.0,2024-09-20,2025-04-22 15:54:08
69924991660_19,69924991660,896.75,2024-09-11,2025-04-22 15:54:08
43545956121_0,43545956121,1076.3,2024-10-06,2025-04-22 15:54:30
100004139121_0,100004139121,2579.0,2025-02-11,2025-04-22 15:54:48
100004139121_1,100004139121,2599.0,2025-02-11,2025-04-22 15:54:48
100004139121_2,100004139121,2529.0,2025-02-10,2025-04-22 15:54:48
100004139121_3,100004139121,2399.0,2025-01-30,2025-04-22 15:54:48
100004139121_4,100004139121,2459.0,2024-12-19,2025-04-22 15:54:48
100004139121_5,100004139121,2398.0,2024-12-12,2025-04-22 15:54:48
100004139121_6,100004139121,2387.01,2024-11-14,2025-04-22 15:54:48
100004139121_7,100004139121,2267.51,2024-11-09,2025-04-22 15:54:48
100004139121_8,100004139121,2317.26,2024-11-08,2025-04-22 15:54:48
100004139121_9,100004139121,4079.0,2024-11-08,2025-04-22 15:54:48
100004139121_10,100004139121,2329.0,2024-11-04,2025-04-22 15:54:48
100004139121_11,100004139121,2387.01,2024-10-29,2025-04-22 15:54:48
100004139121_12,100004139121,2337.26,2024-10-28,2025-04-22 15:54:48
100004139121_13,100004139121,2387.01,2024-10-26,2025-04-22 15:54:48
100004139121_14,100004139121,2317.26,2024-10-25,2025-04-22 15:54:48
100004139121_15,100004139121,2367.01,2024-10-25,2025-04-22 15:54:48
100004139121_16,100004139121,2317.26,2024-10-21,2025-04-22 15:54:48
100004139121_17,100004139121,2367.01,2024-10-19,2025-04-22 15:54:48
100004139121_18,100004139121,2317.26,2024-10-18,2025-04-22 15:54:48
100004139121_19,100004139121,2367.01,2024-10-16,2025-04-22 15:54:48
14929462204_0,14929462204,1099.0,2025-03-18,2025-04-22 15:55:04
14929462204_1,14929462204,1099.0,2025-02-18,2025-04-22 15:55:04
14929462204_2,14929462204,1069.0,2025-02-11,2025-04-22 15:55:04
14929462204_3,14929462204,1069.0,2025-01-07,2025-04-22 15:55:04
14929462204_4,14929462204,1059.0,2024-12-24,2025-04-22 15:55:04
14929462204_5,14929462204,1069.0,2024-12-18,2025-04-22 15:55:04
14929462204_6,14929462204,1069.0,2024-11-27,2025-04-22 15:55:04
14929462204_7,14929462204,1069.0,2024-11-10,2025-04-22 15:55:04
14929462204_8,14929462204,1069.0,2024-11-01,2025-04-22 15:55:04
14929462204_9,14929462204,965.12,2024-10-16,2025-04-22 15:55:04
14929462204_10,14929462204,1069.0,2024-10-15,2025-04-22 15:55:04
14929462204_11,14929462204,966.58,2024-10-12,2025-04-22 15:55:04
14929462204_12,14929462204,996.5,2024-10-10,2025-04-22 15:55:04
14929462204_13,14929462204,1069.0,2024-10-09,2025-04-22 15:55:04
14929462204_14,14929462204,1099.0,2024-10-09,2025-04-22 15:55:04
14929462204_15,14929462204,966.58,2024-09-24,2025-04-22 15:55:04
14929462204_16,14929462204,996.5,2024-09-21,2025-04-22 15:55:04
14929462204_17,14929462204,1099.0,2024-09-20,2025-04-22 15:55:04
14929462204_18,14929462204,996.5,2024-09-11,2025-04-22 15:55:04
14929462204_19,14929462204,1099.0,2024-09-10,2025-04-22 15:55:04
3673885_0,3673885,546.26,2024-11-14,2025-04-22 15:55:30
3673885_1,3673885,516.31,2024-11-10,2025-04-22 15:55:30
3673885_2,3673885,526.26,2024-11-08,2025-04-22 15:55:30
3673885_3,3673885,559.0,2024-11-08,2025-04-22 15:55:30
3673885_4,3673885,546.26,2024-11-04,2025-04-22 15:55:30
3673885_5,3673885,516.31,2024-10-31,2025-04-22 15:55:30
3673885_6,3673885,526.26,2024-10-19,2025-04-22 15:55:30
3673885_7,3673885,516.31,2024-10-17,2025-04-22 15:55:30
3673885_8,3673885,526.26,2024-10-16,2025-04-22 15:55:30
3673885_9,3673885,519.0,2024-10-15,2025-04-22 15:55:30
3673885_10,3673885,543.26,2024-09-27,2025-04-22 15:55:30
3673885_11,3673885,546.26,2024-09-11,2025-04-22 15:55:30
3673885_12,3673885,546.26,2024-08-22,2025-04-22 15:55:30
3673885_13,3673885,519.0,2024-06-04,2025-04-22 15:55:30
30933838055_0,30933838055,1399.0,2024-12-28,2025-04-22 15:55:59
30933838055_1,30933838055,1395.5,2024-11-20,2025-04-22 15:55:59
30933838055_2,30933838055,1395.5,2024-10-04,2025-04-22 15:55:59
30933838055_3,30933838055,1395.5,2024-09-13,2025-04-22 15:55:59
30933838055_4,30933838055,1395.5,2024-08-23,2025-04-22 15:55:59
30933838055_5,30933838055,1399.0,2024-06-04,2025-04-22 15:55:59
30933838055_6,30933838055,1399.0,2024-05-31,2025-04-22 15:55:59
39740893487_0,39740893487,517.7,2024-11-19,2025-04-22 15:56:58
39740893487_1,39740893487,517.7,2024-10-12,2025-04-22 15:56:58
39740893487_2,39740893487,527.68,2024-09-29,2025-04-22 15:56:58
67811614146_0,67811614146,1295.75,2024-11-12,2025-04-22 15:57:18
67811614146_1,67811614146,1294.76,2024-11-11,2025-04-22 15:57:18
67811614146_2,67811614146,1295.75,2024-11-05,2025-04-22 15:57:18
67811614146_3,67811614146,1294.76,2024-11-04,2025-04-22 15:57:18
67811614146_4,67811614146,1295.75,2024-11-02,2025-04-22 15:57:18
67811614146_5,67811614146,1294.76,2024-10-31,2025-04-22 15:57:18
67811614146_6,67811614146,1295.75,2024-10-29,2025-04-22 15:57:18
67811614146_7,67811614146,1294.76,2024-10-28,2025-04-22 15:57:18
67811614146_8,67811614146,1295.75,2024-10-15,2025-04-22 15:57:18
67811614146_9,67811614146,1385.53,2024-10-04,2025-04-22 15:57:18
67811614146_10,67811614146,1385.53,2024-09-13,2025-04-22 15:57:18
67811614146_11,67811614146,1495.25,2024-09-05,2025-04-22 15:57:18
67811614146_12,67811614146,1425.43,2024-08-22,2025-04-22 15:57:18
100015452074_0,100015452074,446.76,2024-11-21,2025-04-22 15:57:27
100015452074_1,100015452074,429.0,2024-10-14,2025-04-22 15:57:27
100015452074_2,100015452074,446.76,2024-09-27,2025-04-22 15:57:27
100015452074_3,100015452074,446.76,2024-09-12,2025-04-22 15:57:27
100015452074_4,100015452074,446.76,2024-08-22,2025-04-22 15:57:27
10034583824520_0,10034583824520,2659.0,2024-07-18,2025-04-22 15:57:36
10034583824520_1,10034583824520,2599.0,2024-05-28,2025-04-22 15:57:36
10034583824520_2,10034583824520,2599.0,2024-05-23,2025-04-22 15:57:36
10028166983005_0,10028166983005,2829.0,2024-12-26,2025-04-22 15:57:49
10028166983005_1,10028166983005,2899.0,2024-12-13,2025-04-22 15:57:49
10028166983005_2,10028166983005,2899.0,2024-11-22,2025-04-22 15:57:49
10028166983005_3,10028166983005,3999.0,2024-11-22,2025-04-22 15:57:49
10028166983005_4,10028166983005,2899.0,2024-11-08,2025-04-22 15:57:49
10028166983005_5,10028166983005,3979.0,2024-11-08,2025-04-22 15:57:49
10028166983005_6,10028166983005,2899.0,2024-11-07,2025-04-22 15:57:49
10028166983005_7,10028166983005,2899.0,2024-10-08,2025-04-22 15:57:49
10028166983005_8,10028166983005,3999.0,2024-10-01,2025-04-22 15:57:49
10028166983005_9,10028166983005,2899.0,2024-09-25,2025-04-22 15:57:49
10028166983005_10,10028166983005,3999.0,2024-09-25,2025-04-22 15:57:49
10028166983005_11,10028166983005,2899.0,2024-09-10,2025-04-22 15:57:49
10028166983005_12,10028166983005,2864.51,2024-09-01,2025-04-22 15:57:49
10028166983005_13,10028166983005,2949.0,2024-07-25,2025-04-22 15:57:49
10028166983005_14,10028166983005,2949.0,2024-07-17,2025-04-22 15:57:49
10028166983005_15,10028166983005,2949.0,2024-07-03,2025-04-22 15:57:49
6647082_0,6647082,964.16,2024-11-21,2025-04-22 15:57:58
6647082_1,6647082,934.31,2024-11-20,2025-04-22 15:57:58
6647082_2,6647082,944.16,2024-11-12,2025-04-22 15:57:58
6647082_3,6647082,914.31,2024-11-10,2025-04-22 15:57:58
6647082_4,6647082,1279.0,2024-11-08,2025-04-22 15:57:58
6647082_5,6647082,944.16,2024-11-08,2025-04-22 15:57:58
6647082_6,6647082,934.21,2024-11-07,2025-04-22 15:57:58
6647082_7,6647082,949.0,2024-11-04,2025-04-22 15:57:58
6647082_8,6647082,914.31,2024-11-01,2025-04-22 15:57:58
6647082_9,6647082,944.16,2024-10-26,2025-04-22 15:57:58
6647082_10,6647082,934.31,2024-10-23,2025-04-22 15:57:58
6647082_11,6647082,944.16,2024-10-16,2025-04-22 15:57:58
6647082_12,6647082,919.0,2024-10-14,2025-04-22 15:57:58
6647082_13,6647082,964.16,2024-10-10,2025-04-22 15:57:58
6647082_14,6647082,934.21,2024-10-09,2025-04-22 15:57:58
6647082_15,6647082,964.16,2024-10-08,2025-04-22 15:57:58
6647082_16,6647082,994.01,2024-10-04,2025-04-22 15:57:58
6647082_17,6647082,954.21,2024-10-03,2025-04-22 15:57:58
6647082_18,6647082,991.01,2024-09-27,2025-04-22 15:57:58
6647082_19,6647082,954.21,2024-09-26,2025-04-22 15:57:58
100040080076_0,100040080076,4499.0,2025-03-12,2025-04-22 15:58:18
100040080076_1,100040080076,4419.0,2025-02-10,2025-04-22 15:58:18
100040080076_2,100040080076,4419.0,2025-01-30,2025-04-22 15:58:18
100040080076_3,100040080076,4499.0,2024-12-17,2025-04-22 15:58:18
100040080076_4,100040080076,4476.51,2024-11-14,2025-04-22 15:58:18
100040080076_5,100040080076,4386.86,2024-11-10,2025-04-22 15:58:18
100040080076_6,100040080076,4426.66,2024-11-08,2025-04-22 15:58:18
100040080076_7,100040080076,4979.0,2024-11-08,2025-04-22 15:58:18
100040080076_8,100040080076,4449.0,2024-11-04,2025-04-22 15:58:18
100040080076_9,100040080076,4449.0,2024-10-31,2025-04-22 15:58:18
100040080076_10,100040080076,4476.51,2024-10-29,2025-04-22 15:58:18
100040080076_11,100040080076,4446.66,2024-10-28,2025-04-22 15:58:18
100040080076_12,100040080076,4476.51,2024-10-25,2025-04-22 15:58:18
100040080076_13,100040080076,4426.66,2024-10-21,2025-04-22 15:58:18
100040080076_14,100040080076,4476.51,2024-10-19,2025-04-22 15:58:18
100040080076_15,100040080076,4426.66,2024-10-18,2025-04-22 15:58:18
100040080076_16,100040080076,4456.51,2024-10-16,2025-04-22 15:58:18
100040080076_17,100040080076,4426.66,2024-10-14,2025-04-22 15:58:18
100040080076_18,100040080076,4456.51,2024-10-09,2025-04-22 15:58:18
100040080076_19,100040080076,4426.76,2024-10-08,2025-04-22 15:58:18
69924991662_0,69924991662,1679.0,2025-03-18,2025-04-22 15:58:30
69924991662_1,69924991662,1679.0,2025-02-18,2025-04-22 15:58:30
69924991662_2,69924991662,1679.0,2025-01-07,2025-04-22 15:58:30
69924991662_3,69924991662,1679.0,2024-12-18,2025-04-22 15:58:30
69924991662_4,69924991662,1679.0,2024-11-27,2025-04-22 15:58:30
69924991662_5,69924991662,1679.0,2024-11-10,2025-04-22 15:58:30
69924991662_6,69924991662,1679.0,2024-10-22,2025-04-22 15:58:30
69924991662_7,69924991662,1572.68,2024-10-16,2025-04-22 15:58:30
69924991662_8,69924991662,1679.0,2024-10-15,2025-04-22 15:58:30
69924991662_9,69924991662,1575.05,2024-10-10,2025-04-22 15:58:30
69924991662_10,69924991662,1679.0,2024-10-09,2025-04-22 15:58:30
69924991662_11,69924991662,1694.75,2024-10-08,2025-04-22 15:58:30
69924991662_12,69924991662,1575.05,2024-09-22,2025-04-22 15:58:30
69924991662_13,69924991662,1575.05,2024-09-21,2025-04-22 15:58:30
69924991662_14,69924991662,1679.0,2024-09-20,2025-04-22 15:58:30
69924991662_15,69924991662,1575.05,2024-09-11,2025-04-22 15:58:30
69924991662_16,69924991662,1679.0,2024-09-10,2025-04-22 15:58:30
69924991662_17,69924991662,1674.8,2024-09-08,2025-04-22 15:58:30
69924991662_18,69924991662,1575.05,2024-09-07,2025-04-22 15:58:30
69924991662_19,69924991662,1575.05,2024-09-02,2025-04-22 15:58:30
100018605314_0,100018605314,2039.0,2025-02-10,2025-04-22 15:58:42
100018605314_1,100018605314,2049.0,2024-12-18,2025-04-22 15:58:42
100018605314_2,100018605314,2018.76,2024-11-19,2025-04-22 15:58:42
100018605314_3,100018605314,1998.86,2024-11-17,2025-04-22 15:58:42
100018605314_4,100018605314,2038.76,2024-11-14,2025-04-22 15:58:42
100018605314_5,100018605314,1969.01,2024-11-12,2025-04-22 15:58:42
100018605314_6,100018605314,1968.01,2024-11-10,2025-04-22 15:58:42
100018605314_7,100018605314,1969.01,2024-11-09,2025-04-22 15:58:42
100018605314_8,100018605314,2018.76,2024-11-08,2025-04-22 15:58:42
100018605314_9,100018605314,2979.0,2024-11-08,2025-04-22 15:58:42
100018605314_10,100018605314,2018.76,2024-11-07,2025-04-22 15:58:42
100018605314_11,100018605314,1989.01,2024-11-06,2025-04-22 15:58:42
100018605314_12,100018605314,2038.76,2024-11-04,2025-04-22 15:58:42
100018605314_13,100018605314,1969.01,2024-10-31,2025-04-22 15:58:42
100018605314_14,100018605314,2018.76,2024-10-25,2025-04-22 15:58:42
100018605314_15,100018605314,2088.51,2024-10-25,2025-04-22 15:58:42
100018605314_16,100018605314,1989.01,2024-10-21,2025-04-22 15:58:42
100018605314_17,100018605314,2068.51,2024-10-19,2025-04-22 15:58:42
100018605314_18,100018605314,1989.01,2024-10-17,2025-04-22 15:58:42
100018605314_19,100018605314,2068.51,2024-10-16,2025-04-22 15:58:42
100010416369_0,100010416369,2187.81,2025-03-24,2025-04-22 15:58:56
100010416369_1,100010416369,2299.0,2025-02-10,2025-04-22 15:58:56
100010416369_2,100010416369,2399.0,2024-12-20,2025-04-22 15:58:56
100010416369_3,100010416369,2367.01,2024-11-19,2025-04-22 15:58:56
100010416369_4,100010416369,2327.21,2024-11-18,2025-04-22 15:58:56
100010416369_5,100010416369,2387.01,2024-11-14,2025-04-22 15:58:56
100010416369_6,100010416369,2267.51,2024-11-12,2025-04-22 15:58:56
100010416369_7,100010416369,2266.51,2024-11-10,2025-04-22 15:58:56
100010416369_8,100010416369,2267.51,2024-11-09,2025-04-22 15:58:56
100010416369_9,100010416369,2367.01,2024-11-09,2025-04-22 15:58:56
100010416369_10,100010416369,3479.0,2024-11-08,2025-04-22 15:58:56
100010416369_11,100010416369,2367.01,2024-11-07,2025-04-22 15:58:56
100010416369_12,100010416369,2287.51,2024-11-06,2025-04-22 15:58:56
100010416369_13,100010416369,2379.0,2024-11-04,2025-04-22 15:58:56
100010416369_14,100010416369,2267.51,2024-10-31,2025-04-22 15:58:56
100010416369_15,100010416369,2367.01,2024-10-25,2025-04-22 15:58:56
100010416369_16,100010416369,2267.51,2024-10-21,2025-04-22 15:58:56
100010416369_17,100010416369,2367.01,2024-10-19,2025-04-22 15:58:56
100010416369_18,100010416369,2267.51,2024-10-18,2025-04-22 15:58:56
100010416369_19,100010416369,2367.01,2024-10-16,2025-04-22 15:58:56
8703756_0,8703756,1399.0,2025-02-11,2025-04-22 15:59:05
8703756_1,8703756,1398.0,2025-02-10,2025-04-22 15:59:05
8703756_2,8703756,1372.01,2024-11-12,2025-04-22 15:59:05
8703756_3,8703756,1391.01,2024-11-11,2025-04-22 15:59:05
8703756_4,8703756,1372.01,2024-11-08,2025-04-22 15:59:05
8703756_5,8703756,2779.0,2024-11-08,2025-04-22 15:59:05
8703756_6,8703756,1392.01,2024-11-04,2025-04-22 15:59:05
8703756_7,8703756,1399.0,2024-10-31,2025-04-22 15:59:05
8703756_8,8703756,1372.01,2024-10-17,2025-04-22 15:59:05
8703756_9,8703756,1431.71,2024-10-17,2025-04-22 15:59:05
8703756_10,8703756,1471.51,2024-10-17,2025-04-22 15:59:05
8703756_11,8703756,1431.71,2024-10-16,2025-04-22 15:59:05
8703756_12,8703756,1471.51,2024-10-16,2025-04-22 15:59:05
8703756_13,8703756,1439.0,2024-10-15,2025-04-22 15:59:05
8703756_14,8703756,1471.51,2024-10-08,2025-04-22 15:59:05
8703756_15,8703756,1491.51,2024-09-20,2025-04-22 15:59:05
8703756_16,8703756,1591.01,2024-09-12,2025-04-22 15:59:05
8703756_17,8703756,1591.01,2024-08-22,2025-04-22 15:59:05
8703756_18,8703756,1599.0,2024-08-11,2025-04-22 15:59:05
8703756_19,8703756,1183.01,2024-06-08,2025-04-22 15:59:05
10024134276632_0,10024134276632,1099.0,2025-04-12,2025-04-22 15:59:15
10024134276632_1,10024134276632,1099.0,2025-03-28,2025-04-22 15:59:15
10024134276632_2,10024134276632,1099.0,2025-03-08,2025-04-22 15:59:15
10024134276632_3,10024134276632,1099.0,2024-12-27,2025-04-22 15:59:15
10024134276632_4,10024134276632,1096.25,2024-10-12,2025-04-22 15:59:15
10024134276632_5,10024134276632,1093.25,2024-09-27,2025-04-22 15:59:15
10024134276632_6,10024134276632,1096.25,2024-09-12,2025-04-22 15:59:15
10024134276632_7,10024134276632,1096.25,2024-08-22,2025-04-22 15:59:15
10024134276632_8,10024134276632,1099.0,2024-04-25,2025-04-22 15:59:15
100046394028_0,100046394028,3879.0,2025-02-10,2025-04-22 16:00:08
100046394028_1,100046394028,3879.0,2025-01-30,2025-04-22 16:00:08
100046394028_2,100046394028,3999.0,2024-12-17,2025-04-22 16:00:08
100046394028_3,100046394028,3899.0,2024-12-12,2025-04-22 16:00:08
100046394028_4,100046394028,3979.01,2024-11-14,2025-04-22 16:00:08
100046394028_5,100046394028,3889.36,2024-11-09,2025-04-22 16:00:08
100046394028_6,100046394028,3929.16,2024-11-08,2025-04-22 16:00:08
100046394028_7,100046394028,4779.0,2024-11-08,2025-04-22 16:00:08
100046394028_8,100046394028,3949.16,2024-11-04,2025-04-22 16:00:08
100046394028_9,100046394028,3949.0,2024-10-31,2025-04-22 16:00:08
100046394028_10,100046394028,3979.01,2024-10-29,2025-04-22 16:00:08
100046394028_11,100046394028,3949.16,2024-10-28,2025-04-22 16:00:08
100046394028_12,100046394028,3979.01,2024-10-25,2025-04-22 16:00:08
100046394028_13,100046394028,3929.16,2024-10-21,2025-04-22 16:00:08
100046394028_14,100046394028,3979.01,2024-10-19,2025-04-22 16:00:08
100046394028_15,100046394028,3929.16,2024-10-17,2025-04-22 16:00:08
100046394028_16,100046394028,3959.01,2024-10-16,2025-04-22 16:00:08
100046394028_17,100046394028,3949.0,2024-10-14,2025-04-22 16:00:08
100046394028_18,100046394028,3959.01,2024-10-09,2025-04-22 16:00:08
100046394028_19,100046394028,3909.26,2024-10-08,2025-04-22 16:00:08
32586793951_0,32586793951,365.0,2025-01-02,2025-04-22 16:00:25
32586793951_1,32586793951,365.0,2024-10-24,2025-04-22 16:00:25
32586793951_2,32586793951,369.0,2024-10-22,2025-04-22 16:00:25
32586793951_3,32586793951,369.0,2024-10-06,2025-04-22 16:00:25
32586793951_4,32586793951,369.0,2024-09-21,2025-04-22 16:00:25
32586793951_5,32586793951,399.0,2024-09-20,2025-04-22 16:00:25
32586793951_6,32586793951,369.0,2024-09-17,2025-04-22 16:00:25
32586793951_7,32586793951,359.0,2024-09-03,2025-04-22 16:00:25
32586793951_8,32586793951,359.0,2024-08-18,2025-04-22 16:00:25
45549436441_0,45549436441,4499.0,2025-04-18,2025-04-22 16:00:41
45549436441_1,45549436441,4499.0,2025-04-01,2025-04-22 16:00:41
45549436441_2,45549436441,4499.0,2025-03-06,2025-04-22 16:00:41
45549436441_3,45549436441,4499.0,2025-02-08,2025-04-22 16:00:41
45549436441_4,45549436441,4499.0,2025-01-14,2025-04-22 16:00:41
45549436441_5,45549436441,4499.0,2024-12-27,2025-04-22 16:00:41
45549436441_6,45549436441,4499.0,2024-12-09,2025-04-22 16:00:41
45549436441_7,45549436441,4499.0,2024-11-27,2025-04-22 16:00:41
45549436441_8,45549436441,4499.0,2024-11-26,2025-04-22 16:00:41
45549436441_9,45549436441,4499.0,2024-11-18,2025-04-22 16:00:41
45549436441_10,45549436441,4499.0,2024-11-16,2025-04-22 16:00:41
45549436441_11,45549436441,4499.0,2024-11-10,2025-04-22 16:00:41
45549436441_12,45549436441,4499.0,2024-11-09,2025-04-22 16:00:41
45549436441_13,45549436441,4499.0,2024-11-06,2025-04-22 16:00:41
45549436441_14,45549436441,4499.0,2024-11-05,2025-04-22 16:00:41
45549436441_15,45549436441,4499.0,2024-11-01,2025-04-22 16:00:41
45549436441_16,45549436441,4499.0,2024-10-15,2025-04-22 16:00:41
45549436441_17,45549436441,4499.0,2024-09-27,2025-04-22 16:00:41
45549436441_18,45549436441,4499.0,2024-09-20,2025-04-22 16:00:41
45549436441_19,45549436441,4499.0,2024-09-15,2025-04-22 16:00:41
10033089801685_0,10033089801685,559.0,2025-04-20,2025-04-22 16:01:50
10033089801685_1,10033089801685,559.0,2025-04-05,2025-04-22 16:01:50
10033089801685_2,10033089801685,559.0,2025-03-21,2025-04-22 16:01:50
10033089801685_3,10033089801685,519.0,2025-03-16,2025-04-22 16:01:50
10033089801685_4,10033089801685,519.0,2025-03-10,2025-04-22 16:01:50
10033089801685_5,10033089801685,559.0,2025-03-01,2025-04-22 16:01:50
10033089801685_6,10033089801685,559.0,2025-02-22,2025-04-22 16:01:50
10033089801685_7,10033089801685,559.0,2025-02-01,2025-04-22 16:01:50
10033089801685_8,10033089801685,559.0,2025-01-23,2025-04-22 16:01:50
10033089801685_9,10033089801685,559.0,2025-01-02,2025-04-22 16:01:50
10033089801685_10,10033089801685,517.88,2024-12-18,2025-04-22 16:01:50
10033089801685_11,10033089801685,517.88,2024-12-12,2025-04-22 16:01:50
10033089801685_12,10033089801685,559.0,2024-11-26,2025-04-22 16:01:50
10033089801685_13,10033089801685,559.0,2024-11-26,2025-04-22 16:01:50
10033089801685_14,10033089801685,559.0,2024-11-25,2025-04-22 16:01:50
10033089801685_15,10033089801685,559.0,2024-11-22,2025-04-22 16:01:50
10033089801685_16,10033089801685,999.0,2024-11-22,2025-04-22 16:01:50
10033089801685_17,10033089801685,559.0,2024-11-01,2025-04-22 16:01:50
10033089801685_18,10033089801685,559.0,2024-10-13,2025-04-22 16:01:50
10033089801685_19,10033089801685,999.0,2024-10-13,2025-04-22 16:01:50
100008428638_0,100008428638,2279.0,2025-02-11,2025-04-22 16:02:09
100008428638_1,100008428638,2299.0,2025-02-10,2025-04-22 16:02:09
100008428638_2,100008428638,2299.0,2025-01-31,2025-04-22 16:02:09
100008428638_3,100008428638,2399.0,2024-12-19,2025-04-22 16:02:09
100008428638_4,100008428638,2387.01,2024-11-21,2025-04-22 16:02:09
100008428638_5,100008428638,2317.26,2024-11-08,2025-04-22 16:02:09
100008428638_6,100008428638,2979.0,2024-11-08,2025-04-22 16:02:09
100008428638_7,100008428638,2337.26,2024-11-04,2025-04-22 16:02:09
100008428638_8,100008428638,2367.01,2024-10-29,2025-04-22 16:02:09
100008428638_9,100008428638,2357.16,2024-10-28,2025-04-22 16:02:09
100008428638_10,100008428638,2367.01,2024-10-25,2025-04-22 16:02:09
100008428638_11,100008428638,2337.16,2024-10-21,2025-04-22 16:02:09
100008428638_12,100008428638,2367.01,2024-10-19,2025-04-22 16:02:09
100008428638_13,100008428638,2337.16,2024-10-18,2025-04-22 16:02:09
100008428638_14,100008428638,2367.01,2024-10-16,2025-04-22 16:02:09
100008428638_15,100008428638,2337.16,2024-10-14,2025-04-22 16:02:09
100008428638_16,100008428638,2387.01,2024-10-04,2025-04-22 16:02:09
100008428638_17,100008428638,2367.01,2024-09-18,2025-04-22 16:02:09
100008428638_18,100008428638,2387.01,2024-09-01,2025-04-22 16:02:09
100008428638_19,100008428638,2486.51,2024-08-22,2025-04-22 16:02:09
746690_0,746690,496.51,2024-11-14,2025-04-22 16:02:40
746690_1,746690,516.41,2024-11-14,2025-04-22 16:02:40
746690_2,746690,476.51,2024-11-11,2025-04-22 16:02:40
746690_3,746690,486.46,2024-11-09,2025-04-22 16:02:40
746690_4,746690,579.0,2024-11-08,2025-04-22 16:02:40
746690_5,746690,489.0,2024-11-01,2025-04-22 16:02:40
746690_6,746690,489.0,2024-10-14,2025-04-22 16:02:40
746690_7,746690,496.41,2024-10-09,2025-04-22 16:02:40
746690_8,746690,506.46,2024-10-03,2025-04-22 16:02:40
746690_9,746690,506.46,2024-09-12,2025-04-22 16:02:40
746690_10,746690,506.46,2024-08-22,2025-04-22 16:02:40
746690_11,746690,505.0,2024-05-31,2025-04-22 16:02:40
746690_12,746690,509.0,2024-05-31,2025-04-22 16:02:40
746690_13,746690,505.0,2024-05-30,2025-04-22 16:02:40
746690_14,746690,509.0,2024-05-24,2025-04-22 16:02:40
30550453227_0,30550453227,439.0,2025-04-02,2025-04-22 16:03:05
30550453227_1,30550453227,439.0,2025-03-18,2025-04-22 16:03:05
30550453227_2,30550453227,419.0,2024-11-28,2025-04-22 16:03:05
30550453227_3,30550453227,419.0,2024-11-10,2025-04-22 16:03:05
30550453227_4,30550453227,419.0,2024-10-22,2025-04-22 16:03:05
30550453227_5,30550453227,419.0,2024-09-20,2025-04-22 16:03:05
30550453227_6,30550453227,439.0,2024-08-31,2025-04-22 16:03:05
30550453227_7,30550453227,439.0,2024-06-16,2025-04-22 16:03:05
30550453227_8,30550453227,439.0,2024-05-31,2025-04-22 16:03:05
67811614143_0,67811614143,2293.25,2024-11-20,2025-04-22 16:03:15
67811614143_1,67811614143,2293.25,2024-10-15,2025-04-22 16:03:15
67811614143_2,67811614143,2363.08,2024-10-05,2025-04-22 16:03:15
67811614143_3,67811614143,2363.08,2024-09-13,2025-04-22 16:03:15
67811614143_4,67811614143,2452.85,2024-09-05,2025-04-22 16:03:15
67811614143_5,67811614143,2393.0,2024-08-23,2025-04-22 16:03:15
100017188750_0,100017188750,386.96,2025-03-19,2025-04-22 16:03:28
100017188750_1,100017188750,377.01,2024-11-12,2025-04-22 16:03:28
100017188750_2,100017188750,559.0,2024-11-08,2025-04-22 16:03:28
100017188750_3,100017188750,377.01,2024-11-08,2025-04-22 16:03:28
100017188750_4,100017188750,357.11,2024-11-07,2025-04-22 16:03:28
100017188750_5,100017188750,377.01,2024-11-02,2025-04-22 16:03:28
100017188750_6,100017188750,357.11,2024-11-01,2025-04-22 16:03:28
100017188750_7,100017188750,377.01,2024-10-27,2025-04-22 16:03:28
100017188750_8,100017188750,367.06,2024-10-26,2025-04-22 16:03:28
100017188750_9,100017188750,379.0,2024-10-14,2025-04-22 16:03:28
100017188750_10,100017188750,394.01,2024-09-27,2025-04-22 16:03:28
100017188750_11,100017188750,397.01,2024-09-12,2025-04-22 16:03:28
100017188750_12,100017188750,397.01,2024-08-22,2025-04-22 16:03:28
100017188750_13,100017188750,379.0,2024-05-25,2025-04-22 16:03:28
100040080056_0,100040080056,1259.0,2024-11-28,2025-04-22 16:04:02
100040080056_1,100040080056,1272.61,2024-11-19,2025-04-22 16:04:02
100040080056_2,100040080056,1242.71,2024-11-17,2025-04-22 16:04:02
100040080056_3,100040080056,1272.61,2024-11-14,2025-04-22 16:04:02
100040080056_4,100040080056,1173.01,2024-11-12,2025-04-22 16:04:02
100040080056_5,100040080056,1172.01,2024-11-10,2025-04-22 16:04:02
100040080056_6,100040080056,1173.01,2024-11-10,2025-04-22 16:04:02
100040080056_7,100040080056,1212.81,2024-11-07,2025-04-22 16:04:02
100040080056_8,100040080056,1173.01,2024-11-06,2025-04-22 16:04:02
100040080056_9,100040080056,1232.81,2024-11-04,2025-04-22 16:04:02
100040080056_10,100040080056,1173.01,2024-11-01,2025-04-22 16:04:02
100040080056_11,100040080056,1212.81,2024-10-25,2025-04-22 16:04:02
100040080056_12,100040080056,1173.01,2024-10-22,2025-04-22 16:04:02
100040080056_13,100040080056,1212.81,2024-10-19,2025-04-22 16:04:02
100040080056_14,100040080056,1173.01,2024-10-17,2025-04-22 16:04:02
100040080056_15,100040080056,1212.81,2024-10-16,2025-04-22 16:04:02
100040080056_16,100040080056,1179.0,2024-10-15,2025-04-22 16:04:02
100040080056_17,100040080056,1232.81,2024-10-04,2025-04-22 16:04:02
100040080056_18,100040080056,1232.81,2024-09-15,2025-04-22 16:04:02
100040080056_19,100040080056,1202.96,2024-09-12,2025-04-22 16:04:02
70110393397_0,70110393397,1614.95,2024-09-01,2025-04-22 16:05:21
45549436433_0,45549436433,2399.0,2025-04-20,2025-04-22 16:05:30
45549436433_1,45549436433,2399.0,2025-04-02,2025-04-22 16:05:30
45549436433_2,45549436433,2399.0,2025-03-09,2025-04-22 16:05:30
45549436433_3,45549436433,2399.0,2025-02-07,2025-04-22 16:05:30
45549436433_4,45549436433,2399.0,2025-01-14,2025-04-22 16:05:30
45549436433_5,45549436433,2399.0,2025-01-02,2025-04-22 16:05:30
45549436433_6,45549436433,2399.0,2024-12-15,2025-04-22 16:05:30
45549436433_7,45549436433,2399.0,2024-11-27,2025-04-22 16:05:30
45549436433_8,45549436433,2399.0,2024-11-16,2025-04-22 16:05:30
45549436433_9,45549436433,2399.0,2024-11-10,2025-04-22 16:05:30
45549436433_10,45549436433,2399.0,2024-11-09,2025-04-22 16:05:30
45549436433_11,45549436433,2399.0,2024-11-06,2025-04-22 16:05:30
45549436433_12,45549436433,2399.0,2024-11-06,2025-04-22 16:05:30
45549436433_13,45549436433,2399.0,2024-11-04,2025-04-22 16:05:30
45549436433_14,45549436433,2399.0,2024-11-01,2025-04-22 16:05:30
45549436433_15,45549436433,2399.0,2024-10-16,2025-04-22 16:05:30
45549436433_16,45549436433,2399.0,2024-09-24,2025-04-22 16:05:30
45549436433_17,45549436433,2399.0,2024-09-20,2025-04-22 16:05:30
45549436433_18,45549436433,2399.0,2024-09-13,2025-04-22 16:05:30
45549436433_19,45549436433,2399.0,2024-08-23,2025-04-22 16:05:30
1565795823_0,1565795823,1279.0,2025-04-16,2025-04-22 16:05:43
1565795823_1,1565795823,1279.0,2025-04-01,2025-04-22 16:05:43
1565795823_2,1565795823,1279.0,2025-02-27,2025-04-22 16:05:43
1565795823_3,1565795823,1279.0,2025-02-06,2025-04-22 16:05:43
1565795823_4,1565795823,1279.0,2025-01-07,2025-04-22 16:05:43
1565795823_5,1565795823,1239.0,2024-12-01,2025-04-22 16:05:43
1565795823_6,1565795823,1499.0,2024-11-22,2025-04-22 16:05:43
1565795823_7,1565795823,1239.0,2024-11-06,2025-04-22 16:05:43
1565795823_8,1565795823,1239.0,2024-10-16,2025-04-22 16:05:43
1565795823_9,1565795823,1232.81,2024-10-04,2025-04-22 16:05:43
1565795823_10,1565795823,1232.81,2024-09-13,2025-04-22 16:05:43
1565795823_11,1565795823,1232.81,2024-08-23,2025-04-22 16:05:43
1565795823_12,1565795823,1239.0,2024-07-19,2025-04-22 16:05:43
10090041952836_0,10090041952836,208.0,2025-04-06,2025-04-22 16:12:41
10090041952836_1,10090041952836,208.0,2025-03-15,2025-04-22 16:12:41
10090041952836_2,10090041952836,208.0,2025-02-22,2025-04-22 16:12:41
10090041952836_3,10090041952836,208.0,2025-02-01,2025-04-22 16:12:41
10090041952836_4,10090041952836,208.0,2025-01-01,2025-04-22 16:12:41
10090041952836_5,10090041952836,208.0,2024-12-02,2025-04-22 16:12:41
10090041952836_6,10090041952836,208.0,2024-11-10,2025-04-22 16:12:41
10090041952836_7,10090041952836,208.0,2024-10-20,2025-04-22 16:12:41
10090041952836_8,10090041952836,208.0,2024-09-27,2025-04-22 16:12:41
10091851380521_0,10091851380521,968.0,2025-04-06,2025-04-22 16:12:50
10091851380521_1,10091851380521,968.0,2025-03-08,2025-04-22 16:12:50
10091851380521_2,10091851380521,968.0,2025-02-18,2025-04-22 16:12:50
10091851380521_3,10091851380521,908.0,2025-02-05,2025-04-22 16:12:50
10091851380521_4,10091851380521,908.0,2025-01-16,2025-04-22 16:12:50
10091851380521_5,10091851380521,908.0,2025-01-01,2025-04-22 16:12:50
10091851380521_6,10091851380521,858.0,2024-12-05,2025-04-22 16:12:50
10091851380521_7,10091851380521,858.0,2024-11-06,2025-04-22 16:12:50
10091851380521_8,10091851380521,858.0,2024-10-13,2025-04-22 16:12:50
10091851380521_9,10091851380521,858.0,2024-09-28,2025-04-22 16:12:50
10091970467601_0,10091970467601,1368.0,2025-04-05,2025-04-22 16:13:01
10091970467601_1,10091970467601,1368.0,2025-03-07,2025-04-22 16:13:01
10091970467601_2,10091970467601,1368.0,2025-02-16,2025-04-22 16:13:01
10091970467601_3,10091970467601,1327.0,2025-01-29,2025-04-22 16:13:01
10091970467601_4,10091970467601,1327.0,2025-01-05,2025-04-22 16:13:01
10091970467601_5,10091970467601,1327.0,2024-12-25,2025-04-22 16:13:01
10091970467601_6,10091970467601,1327.0,2024-12-01,2025-04-22 16:13:01
10091970467601_7,10091970467601,1327.0,2024-11-04,2025-04-22 16:13:01
10091970467601_8,10091970467601,1338.0,2024-10-26,2025-04-22 16:13:01
10091970467601_9,10091970467601,1338.0,2024-10-10,2025-04-22 16:13:01
10091970467601_10,10091970467601,1338.0,2024-09-25,2025-04-22 16:13:01
10091970467601_11,10091970467601,1308.0,2024-09-18,2025-04-22 16:13:01
10091970467601_12,10091970467601,1308.0,2024-09-11,2025-04-22 16:13:01
10091970467601_13,10091970467601,1328.0,2024-09-04,2025-04-22 16:13:01
10091970467601_14,10091970467601,1338.0,2024-08-08,2025-04-22 16:13:01
10091970467601_15,10091970467601,1357.0,2024-07-20,2025-04-22 16:13:01
10091970467601_16,10091970467601,1358.0,2024-07-11,2025-04-22 16:13:01
10091970467601_17,10091970467601,1358.0,2024-07-08,2025-04-22 16:13:01
10091970467601_18,10091970467601,1358.0,2024-06-22,2025-04-22 16:13:01
10091970467601_19,10091970467601,1358.0,2024-05-30,2025-04-22 16:13:01
10091970467597_0,10091970467597,968.0,2025-02-20,2025-04-22 16:13:28
