记录ID,产品ID,价格,日期,爬取时间
100145512952_0,100145512952,4789.0,2025-04-11,2025-04-15 20:06:07
100145512952_1,100145512952,4689.0,2025-04-03,2025-04-15 20:06:07
100145512952_2,100145512952,4689.0,2025-03-27,2025-04-15 20:06:07
100145512952_3,100145512952,4688.0,2025-03-27,2025-04-15 20:06:07
100145512952_4,100145512952,4675.51,2025-03-06,2025-04-15 20:06:07
100145512952_5,100145512952,4755.01,2024-11-10,2025-04-15 20:06:07
100145512952_6,100145512952,4655.01,2024-11-08,2025-04-15 20:06:07
100145512952_7,100145512952,4779.0,2024-11-02,2025-04-15 20:06:07
100145512952_8,100145512952,4755.01,2024-10-25,2025-04-15 20:06:07
100145512952_9,100145512952,4774.0,2024-10-24,2025-04-15 20:06:07
100145512952_10,100145512952,4679.0,2024-10-24,2025-04-15 20:06:07
100145512952_11,100145512952,4799.0,2024-10-21,2025-04-15 20:06:07
100069427196_0,100069427196,1449.0,2025-04-14,2025-04-15 20:06:16
100069427196_1,100069427196,1369.0,2025-04-08,2025-04-15 20:06:16
100069427196_2,100069427196,1429.0,2025-04-06,2025-04-15 20:06:16
100069427196_3,100069427196,1429.0,2025-03-25,2025-04-15 20:06:16
100069427196_4,100069427196,1429.0,2025-03-21,2025-04-15 20:06:16
100069427196_5,100069427196,1429.0,2025-03-17,2025-04-15 20:06:16
100069427196_6,100069427196,1424.0,2025-03-13,2025-04-15 20:06:16
100069427196_7,100069427196,1349.0,2025-03-08,2025-04-15 20:06:16
100069427196_8,100069427196,1399.0,2025-03-03,2025-04-15 20:06:16
100069427196_9,100069427196,1449.0,2025-03-02,2025-04-15 20:06:16
100069427196_10,100069427196,1259.13,2025-02-26,2025-04-15 20:06:16
100069427196_11,100069427196,1304.1,2025-02-24,2025-04-15 20:06:16
100069427196_12,100069427196,1247.52,2025-02-18,2025-04-15 20:06:16
100069427196_13,100069427196,1334.11,2025-02-17,2025-04-15 20:06:16
100069427196_14,100069427196,1349.32,2025-02-16,2025-04-15 20:06:16
100069427196_15,100069427196,1349.7,2025-02-13,2025-04-15 20:06:16
100069427196_16,100069427196,1449.0,2025-02-10,2025-04-15 20:06:16
100069427196_17,100069427196,1339.0,2024-12-31,2025-04-15 20:06:16
100069427196_18,100069427196,1389.0,2024-12-24,2025-04-15 20:06:16
100069427196_19,100069427196,1449.0,2024-12-17,2025-04-15 20:06:16
10089456109581_0,10089456109581,2299.0,2025-04-14,2025-04-15 20:06:23
10089456109581_1,10089456109581,2314.0,2025-04-13,2025-04-15 20:06:23
10089456109581_2,10089456109581,2289.0,2025-04-12,2025-04-15 20:06:23
10089456109581_3,10089456109581,2199.0,2025-04-10,2025-04-15 20:06:23
10089456109581_4,10089456109581,2185.0,2025-04-09,2025-04-15 20:06:23
10089456109581_5,10089456109581,2157.0,2025-03-28,2025-04-15 20:06:23
10089456109581_6,10089456109581,2167.0,2025-03-20,2025-04-15 20:06:23
10089456109581_7,10089456109581,2167.0,2025-02-27,2025-04-15 20:06:23
10089456109581_8,10089456109581,2168.0,2025-02-19,2025-04-15 20:06:23
10089456109581_9,10089456109581,2168.0,2025-01-29,2025-04-15 20:06:23
10089456109581_10,10089456109581,2168.0,2025-01-08,2025-04-15 20:06:23
10089456109581_11,10089456109581,2188.0,2024-12-25,2025-04-15 20:06:23
10089456109581_12,10089456109581,2199.0,2024-12-19,2025-04-15 20:06:23
10089456109581_13,10089456109581,2229.0,2024-12-12,2025-04-15 20:06:23
10089456109581_14,10089456109581,2238.0,2024-12-09,2025-04-15 20:06:23
10089456109581_15,10089456109581,2239.0,2024-12-01,2025-04-15 20:06:23
10089456109581_16,10089456109581,2245.0,2024-11-29,2025-04-15 20:06:23
10089456109581_17,10089456109581,2248.0,2024-11-26,2025-04-15 20:06:23
10089456109581_18,10089456109581,2666.0,2024-09-16,2025-04-15 20:06:23
10069968603299_0,10069968603299,1089.0,2025-04-15,2025-04-15 20:06:31
10069968603299_1,10069968603299,1078.0,2025-04-11,2025-04-15 20:06:31
10069968603299_2,10069968603299,1019.0,2025-04-10,2025-04-15 20:06:31
10069968603299_3,10069968603299,979.0,2025-04-08,2025-04-15 20:06:31
10069968603299_4,10069968603299,978.0,2025-04-07,2025-04-15 20:06:31
10069968603299_5,10069968603299,969.0,2025-04-01,2025-04-15 20:06:31
10069968603299_6,10069968603299,977.0,2025-03-20,2025-04-15 20:06:31
10069968603299_7,10069968603299,967.0,2025-03-18,2025-04-15 20:06:31
10069968603299_8,10069968603299,969.0,2025-03-14,2025-04-15 20:06:31
10069968603299_9,10069968603299,978.0,2025-02-11,2025-04-15 20:06:31
10069968603299_10,10069968603299,938.0,2025-01-11,2025-04-15 20:06:31
10069968603299_11,10069968603299,939.0,2025-01-04,2025-04-15 20:06:31
10069968603299_12,10069968603299,919.0,2024-12-24,2025-04-15 20:06:31
10069968603299_13,10069968603299,899.0,2024-12-22,2025-04-15 20:06:31
10069968603299_14,10069968603299,893.0,2024-12-21,2025-04-15 20:06:31
10069968603299_15,10069968603299,883.0,2024-12-18,2025-04-15 20:06:31
10069968603299_16,10069968603299,879.0,2024-12-11,2025-04-15 20:06:31
10069968603299_17,10069968603299,879.0,2024-12-08,2025-04-15 20:06:31
10069968603299_18,10069968603299,899.0,2024-12-04,2025-04-15 20:06:31
10069968603299_19,10069968603299,894.0,2024-12-03,2025-04-15 20:06:31
10069496172347_0,10069496172347,1449.0,2024-10-23,2025-04-15 20:07:14
10069496172347_1,10069496172347,1619.0,2024-10-01,2025-04-15 20:07:14
10069496172347_2,10069496172347,1619.0,2024-09-15,2025-04-15 20:07:14
10069496172347_3,10069496172347,1609.0,2024-09-07,2025-04-15 20:07:14
10069496172347_4,10069496172347,1629.0,2024-08-28,2025-04-15 20:07:14
10069496172347_5,10069496172347,1599.0,2024-08-26,2025-04-15 20:07:14
10069496172347_6,10069496172347,1559.0,2024-08-22,2025-04-15 20:07:14
10069496172347_7,10069496172347,1599.0,2024-08-08,2025-04-15 20:07:14
10069496172347_8,10069496172347,1599.0,2024-07-19,2025-04-15 20:07:14
10069496172347_9,10069496172347,1599.0,2024-07-03,2025-04-15 20:07:14
10069496172347_10,10069496172347,1659.0,2024-06-16,2025-04-15 20:07:14
10069496172347_11,10069496172347,1709.0,2024-06-03,2025-04-15 20:07:14
10069496172347_12,10069496172347,1719.0,2024-05-23,2025-04-15 20:07:14
10069496172347_13,10069496172347,1739.0,2024-05-17,2025-04-15 20:07:14
10069496172347_14,10069496172347,1769.0,2024-05-11,2025-04-15 20:07:14
10069496172347_15,10069496172347,1779.0,2024-04-27,2025-04-15 20:07:14
10069496172347_16,10069496172347,1799.0,2024-04-26,2025-04-15 20:07:14
10069496172347_17,10069496172347,1819.0,2024-04-18,2025-04-15 20:07:14
10069496172347_18,10069496172347,1819.0,2024-04-03,2025-04-15 20:07:14
10069496172347_19,10069496172347,1829.0,2024-03-19,2025-04-15 20:07:14
10027670672823_0,10027670672823,1229.0,2025-03-18,2025-04-15 20:07:22
10027670672823_1,10027670672823,1229.0,2025-03-06,2025-04-15 20:07:22
10027670672823_2,10027670672823,1129.0,2025-03-05,2025-04-15 20:07:22
10027670672823_3,10027670672823,1229.0,2025-02-17,2025-04-15 20:07:22
10027670672823_4,10027670672823,1229.0,2025-02-10,2025-04-15 20:07:22
10027670672823_5,10027670672823,1229.0,2025-02-10,2025-04-15 20:07:22
10027670672823_6,10027670672823,1199.0,2025-01-07,2025-04-15 20:07:22
10027670672823_7,10027670672823,1199.0,2024-12-24,2025-04-15 20:07:22
10027670672823_8,10027670672823,1199.0,2024-12-09,2025-04-15 20:07:22
10027670672823_9,10027670672823,1199.0,2024-11-27,2025-04-15 20:07:22
10027670672823_10,10027670672823,1199.0,2024-11-10,2025-04-15 20:07:22
10027670672823_11,10027670672823,1199.0,2024-11-06,2025-04-15 20:07:22
10027670672823_12,10027670672823,1076.25,2024-10-17,2025-04-15 20:07:22
10027670672823_13,10027670672823,1199.0,2024-10-15,2025-04-15 20:07:22
10027670672823_14,10027670672823,1196.0,2024-10-10,2025-04-15 20:07:22
10027670672823_15,10027670672823,1299.0,2024-10-09,2025-04-15 20:07:22
10027670672823_16,10027670672823,1196.0,2024-09-21,2025-04-15 20:07:22
10027670672823_17,10027670672823,1299.0,2024-09-20,2025-04-15 20:07:22
10027670672823_18,10027670672823,1299.0,2024-09-18,2025-04-15 20:07:22
10027670672823_19,10027670672823,1299.0,2024-09-18,2025-04-15 20:07:22
100070072275_0,100070072275,3398.0,2025-03-15,2025-04-15 20:07:30
100070072275_1,100070072275,3199.0,2025-02-27,2025-04-15 20:07:30
100070072275_2,100070072275,3074.0,2024-12-17,2025-04-15 20:07:30
100070072275_3,100070072275,3199.0,2024-12-17,2025-04-15 20:07:30
100070072275_4,100070072275,3079.0,2024-12-12,2025-04-15 20:07:30
100070072275_5,100070072275,3199.0,2024-12-12,2025-04-15 20:07:30
100070072275_6,100070072275,3199.0,2024-12-11,2025-04-15 20:07:30
100070072275_7,100070072275,3199.0,2024-12-07,2025-04-15 20:07:30
100070072275_8,100070072275,3199.0,2024-12-02,2025-04-15 20:07:30
100070072275_9,100070072275,3339.0,2024-11-18,2025-04-15 20:07:30
100070072275_10,100070072275,3599.0,2024-11-18,2025-04-15 20:07:30
100070072275_11,100070072275,3579.0,2024-11-17,2025-04-15 20:07:30
100070072275_12,100070072275,3199.0,2024-11-15,2025-04-15 20:07:30
100070072275_13,100070072275,3199.0,2024-11-10,2025-04-15 20:07:30
100070072275_14,100070072275,3299.0,2024-11-09,2025-04-15 20:07:30
100070072275_15,100070072275,3599.0,2024-10-31,2025-04-15 20:07:30
100070072275_16,100070072275,3679.0,2024-10-31,2025-04-15 20:07:30
100070072275_17,100070072275,3698.9,2024-10-22,2025-04-15 20:07:30
100070072275_18,100070072275,3698.9,2024-10-19,2025-04-15 20:07:30
100070072275_19,100070072275,3799.0,2024-10-14,2025-04-15 20:07:30
100049450275_0,100049450275,1028.0,2025-03-20,2025-04-15 20:07:56
100049450275_1,100049450275,989.0,2025-02-02,2025-04-15 20:07:56
100049450275_2,100049450275,1249.0,2024-11-27,2025-04-15 20:07:56
100049450275_3,100049450275,1219.0,2024-11-18,2025-04-15 20:07:56
100049450275_4,100049450275,1229.0,2024-11-11,2025-04-15 20:07:56
100049450275_5,100049450275,1219.0,2024-11-10,2025-04-15 20:07:56
100049450275_6,100049450275,1229.0,2024-11-09,2025-04-15 20:07:56
100049450275_7,100049450275,1679.0,2024-11-08,2025-04-15 20:07:56
100049450275_8,100049450275,1229.0,2024-10-26,2025-04-15 20:07:56
100049450275_9,100049450275,1219.0,2024-10-25,2025-04-15 20:07:56
100049450275_10,100049450275,1219.0,2024-10-25,2025-04-15 20:07:56
100049450275_11,100049450275,1229.0,2024-10-24,2025-04-15 20:07:56
100049450275_12,100049450275,1249.0,2024-10-20,2025-04-15 20:07:56
100049450275_13,100049450275,1319.0,2024-10-08,2025-04-15 20:07:56
100049450275_14,100049450275,1328.0,2024-09-18,2025-04-15 20:07:56
100049450275_15,100049450275,1343.0,2024-09-11,2025-04-15 20:07:56
100049450275_16,100049450275,1348.0,2024-08-16,2025-04-15 20:07:56
100049450275_17,100049450275,1699.0,2024-08-16,2025-04-15 20:07:56
100049450275_18,100049450275,1348.0,2024-08-13,2025-04-15 20:07:56
100049450275_19,100049450275,1348.0,2024-08-09,2025-04-15 20:07:56
10027814686087_0,10027814686087,2299.0,2025-03-18,2025-04-15 20:09:10
10027814686087_1,10027814686087,2349.0,2025-02-18,2025-04-15 20:09:10
10027814686087_2,10027814686087,2299.0,2025-01-07,2025-04-15 20:09:10
10027814686087_3,10027814686087,2299.0,2024-12-18,2025-04-15 20:09:10
10027814686087_4,10027814686087,2399.0,2024-11-27,2025-04-15 20:09:10
10027814686087_5,10027814686087,2193.5,2024-11-21,2025-04-15 20:09:10
10027814686087_6,10027814686087,2399.0,2024-11-18,2025-04-15 20:09:10
10027814686087_7,10027814686087,2193.5,2024-11-14,2025-04-15 20:09:10
10027814686087_8,10027814686087,2624.0,2024-11-08,2025-04-15 20:09:10
10027814686087_9,10027814686087,2199.0,2024-11-06,2025-04-15 20:09:10
10027814686087_10,10027814686087,2193.5,2024-11-04,2025-04-15 20:09:10
10027814686087_11,10027814686087,2199.0,2024-11-01,2025-04-15 20:09:10
10027814686087_12,10027814686087,2173.5,2024-10-17,2025-04-15 20:09:10
10027814686087_13,10027814686087,2299.0,2024-10-15,2025-04-15 20:09:10
10027814686087_14,10027814686087,2193.5,2024-10-11,2025-04-15 20:09:10
10027814686087_15,10027814686087,2299.0,2024-10-09,2025-04-15 20:09:10
10027814686087_16,10027814686087,2188.5,2024-09-22,2025-04-15 20:09:10
10027814686087_17,10027814686087,2193.5,2024-09-21,2025-04-15 20:09:10
10027814686087_18,10027814686087,2193.0,2024-09-20,2025-04-15 20:09:10
10027814686087_19,10027814686087,2399.0,2024-09-20,2025-04-15 20:09:10
10039470575696_0,10039470575696,1549.0,2025-03-17,2025-04-15 20:09:19
10039470575696_1,10039470575696,1549.0,2025-03-06,2025-04-15 20:09:19
10039470575696_2,10039470575696,1649.0,2025-02-17,2025-04-15 20:09:19
10039470575696_3,10039470575696,1749.0,2025-02-10,2025-04-15 20:09:19
10039470575696_4,10039470575696,1749.0,2025-02-10,2025-04-15 20:09:19
10039470575696_5,10039470575696,1549.0,2025-02-07,2025-04-15 20:09:19
10039470575696_6,10039470575696,1599.0,2025-01-06,2025-04-15 20:09:19
10039470575696_7,10039470575696,1599.0,2024-12-24,2025-04-15 20:09:19
10039470575696_8,10039470575696,1599.0,2024-12-12,2025-04-15 20:09:19
10039470575696_9,10039470575696,1599.0,2024-11-27,2025-04-15 20:09:19
10039470575696_10,10039470575696,1495.25,2024-11-21,2025-04-15 20:09:19
10039470575696_11,10039470575696,1599.0,2024-11-18,2025-04-15 20:09:19
10039470575696_12,10039470575696,1495.25,2024-11-14,2025-04-15 20:09:19
10039470575696_13,10039470575696,1599.0,2024-11-09,2025-04-15 20:09:19
10039470575696_14,10039470575696,1475.25,2024-11-09,2025-04-15 20:09:19
10039470575696_15,10039470575696,1599.0,2024-11-06,2025-04-15 20:09:19
10039470575696_16,10039470575696,1595.0,2024-11-05,2025-04-15 20:09:19
10039470575696_17,10039470575696,1495.25,2024-11-04,2025-04-15 20:09:19
10039470575696_18,10039470575696,1599.0,2024-10-31,2025-04-15 20:09:19
10039470575696_19,10039470575696,1475.25,2024-10-16,2025-04-15 20:09:19
100006897507_0,100006897507,589.0,2024-11-19,2025-04-15 20:10:24
100006897507_1,100006897507,679.0,2024-11-08,2025-04-15 20:10:24
100006897507_2,100006897507,979.0,2024-11-08,2025-04-15 20:10:24
100006897507_3,100006897507,679.0,2024-10-24,2025-04-15 20:10:24
100006897507_4,100006897507,659.0,2024-10-16,2025-04-15 20:10:24
100006897507_5,100006897507,679.0,2024-10-08,2025-04-15 20:10:24
100006897507_6,100006897507,679.0,2024-09-18,2025-04-15 20:10:24
100006897507_7,100006897507,649.0,2024-07-10,2025-04-15 20:10:24
10061565047909_0,10061565047909,2699.0,2025-03-20,2025-04-15 20:11:53
10061565047909_1,10061565047909,2599.0,2025-03-18,2025-04-15 20:11:53
10061565047909_2,10061565047909,2599.0,2025-02-17,2025-04-15 20:11:53
10061565047909_3,10061565047909,2599.0,2025-01-06,2025-04-15 20:11:53
10061565047909_4,10061565047909,2599.0,2024-12-17,2025-04-15 20:11:53
10061565047909_5,10061565047909,2649.0,2024-12-09,2025-04-15 20:11:53
10061565047909_6,10061565047909,2442.88,2024-11-21,2025-04-15 20:11:53
10061565047909_7,10061565047909,2649.0,2024-11-18,2025-04-15 20:11:53
10061565047909_8,10061565047909,2442.88,2024-11-14,2025-04-15 20:11:53
10061565047909_9,10061565047909,2649.0,2024-11-09,2025-04-15 20:11:53
10061565047909_10,10061565047909,2422.88,2024-11-09,2025-04-15 20:11:53
10061565047909_11,10061565047909,2599.0,2024-11-08,2025-04-15 20:11:53
10061565047909_12,10061565047909,2999.0,2024-11-08,2025-04-15 20:11:53
10061565047909_13,10061565047909,2599.0,2024-11-06,2025-04-15 20:11:53
10061565047909_14,10061565047909,2579.0,2024-11-05,2025-04-15 20:11:53
10061565047909_15,10061565047909,2393.0,2024-11-04,2025-04-15 20:11:53
10061565047909_16,10061565047909,2599.0,2024-10-31,2025-04-15 20:11:53
10061565047909_17,10061565047909,2393.0,2024-10-31,2025-04-15 20:11:53
10061565047909_18,10061565047909,2393.0,2024-10-16,2025-04-15 20:11:53
10061565047909_19,10061565047909,2599.0,2024-10-15,2025-04-15 20:11:53
10098278509304_0,10098278509304,379.0,2025-04-13,2025-04-15 20:12:02
10098278509304_1,10098278509304,369.0,2025-04-11,2025-04-15 20:12:02
10098278509304_2,10098278509304,349.0,2025-03-28,2025-04-15 20:12:02
10098278509304_3,10098278509304,349.0,2025-03-11,2025-04-15 20:12:02
10098278509304_4,10098278509304,359.0,2025-03-04,2025-04-15 20:12:02
10098278509304_5,10098278509304,369.0,2025-02-28,2025-04-15 20:12:02
10098278509304_6,10098278509304,339.0,2025-02-27,2025-04-15 20:12:02
10098278509304_7,10098278509304,339.0,2025-02-06,2025-04-15 20:12:02
10098278509304_8,10098278509304,329.0,2025-01-14,2025-04-15 20:12:02
10098278509304_9,10098278509304,339.0,2025-01-02,2025-04-15 20:12:02
10098278509304_10,10098278509304,339.0,2024-12-23,2025-04-15 20:12:02
10098278509304_11,10098278509304,305.0,2024-12-07,2025-04-15 20:12:02
10098278509304_12,10098278509304,298.0,2024-11-25,2025-04-15 20:12:02
10098278509304_13,10098278509304,298.0,2024-11-23,2025-04-15 20:12:02
10098278509304_14,10098278509304,298.0,2024-11-19,2025-04-15 20:12:02
10098278509304_15,10098278509304,304.0,2024-11-17,2025-04-15 20:12:02
10098278509304_16,10098278509304,304.0,2024-11-16,2025-04-15 20:12:02
10098278509304_17,10098278509304,304.0,2024-11-11,2025-04-15 20:12:02
10098278509304_18,10098278509304,304.0,2024-11-09,2025-04-15 20:12:02
10098278509304_19,10098278509304,308.0,2024-10-23,2025-04-15 20:12:02
10097348857761_0,10097348857761,759.0,2025-04-13,2025-04-15 20:12:11
10097348857761_1,10097348857761,709.0,2025-04-11,2025-04-15 20:12:11
10097348857761_2,10097348857761,689.0,2025-04-09,2025-04-15 20:12:11
10097348857761_3,10097348857761,689.0,2025-03-25,2025-04-15 20:12:11
10097348857761_4,10097348857761,679.0,2025-03-11,2025-04-15 20:12:11
10097348857761_5,10097348857761,689.0,2025-03-04,2025-04-15 20:12:11
10097348857761_6,10097348857761,679.0,2025-02-27,2025-04-15 20:12:11
10097348857761_7,10097348857761,679.0,2025-02-06,2025-04-15 20:12:11
10097348857761_8,10097348857761,679.0,2025-01-14,2025-04-15 20:12:11
10097348857761_9,10097348857761,659.0,2025-01-02,2025-04-15 20:12:11
10097348857761_10,10097348857761,659.0,2024-12-23,2025-04-15 20:12:11
10097348857761_11,10097348857761,649.0,2024-12-09,2025-04-15 20:12:11
10097348857761_12,10097348857761,634.0,2024-11-27,2025-04-15 20:12:11
10097348857761_13,10097348857761,639.0,2024-11-25,2025-04-15 20:12:11
10097348857761_14,10097348857761,639.0,2024-11-23,2025-04-15 20:12:11
10097348857761_15,10097348857761,639.0,2024-11-19,2025-04-15 20:12:11
10097348857761_16,10097348857761,649.0,2024-11-17,2025-04-15 20:12:11
10097348857761_17,10097348857761,649.0,2024-11-16,2025-04-15 20:12:11
10097348857761_18,10097348857761,649.0,2024-11-11,2025-04-15 20:12:11
10097348857761_19,10097348857761,649.0,2024-11-09,2025-04-15 20:12:11
100026922744_0,100026922744,1899.0,2025-04-06,2025-04-15 20:12:42
100026922744_1,100026922744,1849.0,2025-02-25,2025-04-15 20:12:42
100026922744_2,100026922744,2029.0,2024-10-14,2025-04-15 20:12:42
100026922744_3,100026922744,1879.0,2024-10-08,2025-04-15 20:12:42
100026922744_4,100026922744,1879.0,2024-09-18,2025-04-15 20:12:42
100026922744_5,100026922744,1969.01,2024-03-30,2025-04-15 20:12:42
10061565047906_0,10061565047906,1749.0,2025-03-17,2025-04-15 20:14:23
10061565047906_1,10061565047906,2149.0,2025-02-17,2025-04-15 20:14:23
10061565047906_2,10061565047906,1849.0,2025-02-13,2025-04-15 20:14:23
10061565047906_3,10061565047906,2249.0,2025-02-10,2025-04-15 20:14:23
10061565047906_4,10061565047906,2199.0,2025-01-06,2025-04-15 20:14:23
10061565047906_5,10061565047906,1899.0,2024-12-24,2025-04-15 20:14:23
10061565047906_6,10061565047906,1999.0,2024-12-17,2025-04-15 20:14:23
10061565047906_7,10061565047906,2199.0,2024-11-27,2025-04-15 20:14:23
10061565047906_8,10061565047906,1994.0,2024-11-21,2025-04-15 20:14:23
10061565047906_9,10061565047906,2199.0,2024-11-20,2025-04-15 20:14:23
10061565047906_10,10061565047906,2249.0,2024-11-18,2025-04-15 20:14:23
10061565047906_11,10061565047906,2043.88,2024-11-14,2025-04-15 20:14:23
10061565047906_12,10061565047906,2199.0,2024-11-09,2025-04-15 20:14:23
10061565047906_13,10061565047906,2193.5,2024-11-09,2025-04-15 20:14:23
10061565047906_14,10061565047906,2023.88,2024-11-09,2025-04-15 20:14:23
10061565047906_15,10061565047906,2199.0,2024-11-08,2025-04-15 20:14:23
10061565047906_16,10061565047906,2499.0,2024-11-08,2025-04-15 20:14:23
10061565047906_17,10061565047906,2199.0,2024-11-06,2025-04-15 20:14:23
10061565047906_18,10061565047906,2043.88,2024-11-04,2025-04-15 20:14:23
10061565047906_19,10061565047906,2199.0,2024-10-31,2025-04-15 20:14:23
10067764738500_0,10067764738500,3299.0,2025-03-18,2025-04-15 20:14:32
10067764738500_1,10067764738500,3299.0,2025-02-18,2025-04-15 20:14:32
10067764738500_2,10067764738500,3399.0,2025-02-10,2025-04-15 20:14:32
10067764738500_3,10067764738500,3399.0,2025-01-07,2025-04-15 20:14:32
10067764738500_4,10067764738500,3399.0,2024-12-19,2025-04-15 20:14:32
10067764738500_5,10067764738500,3399.0,2024-11-27,2025-04-15 20:14:32
10067764738500_6,10067764738500,3299.0,2024-11-10,2025-04-15 20:14:32
10067764738500_7,10067764738500,3071.25,2024-10-20,2025-04-15 20:14:32
10067764738500_8,10067764738500,3299.0,2024-10-15,2025-04-15 20:14:32
10067764738500_9,10067764738500,3290.75,2024-10-14,2025-04-15 20:14:32
10067764738500_10,10067764738500,2991.5,2024-10-10,2025-04-15 20:14:32
10067764738500_11,10067764738500,3399.0,2024-10-09,2025-04-15 20:14:32
10067764738500_12,10067764738500,3091.25,2024-09-21,2025-04-15 20:14:32
10067764738500_13,10067764738500,3399.0,2024-09-20,2025-04-15 20:14:32
10067764738500_14,10067764738500,3390.5,2024-09-17,2025-04-15 20:14:32
10067764738500_15,10067764738500,3091.25,2024-09-11,2025-04-15 20:14:32
10067764738500_16,10067764738500,3399.0,2024-09-10,2025-04-15 20:14:32
10067764738500_17,10067764738500,3390.5,2024-09-08,2025-04-15 20:14:32
10067764738500_18,10067764738500,3091.25,2024-08-29,2025-04-15 20:14:32
10067764738500_19,10067764738500,3399.0,2024-08-28,2025-04-15 20:14:32
10043956009000_0,10043956009000,2199.0,2025-03-18,2025-04-15 20:15:02
10043956009000_1,10043956009000,2199.0,2025-02-18,2025-04-15 20:15:02
10043956009000_2,10043956009000,2199.0,2025-01-07,2025-04-15 20:15:02
10043956009000_3,10043956009000,2199.0,2024-12-18,2025-04-15 20:15:02
10043956009000_4,10043956009000,2199.0,2024-11-27,2025-04-15 20:15:02
10043956009000_5,10043956009000,2099.0,2024-11-10,2025-04-15 20:15:02
10043956009000_6,10043956009000,1974.0,2024-10-16,2025-04-15 20:15:02
10043956009000_7,10043956009000,2099.0,2024-10-15,2025-04-15 20:15:02
10043956009000_8,10043956009000,1994.0,2024-10-10,2025-04-15 20:15:02
10043956009000_9,10043956009000,2199.0,2024-10-09,2025-04-15 20:15:02
10043956009000_10,10043956009000,1989.0,2024-09-28,2025-04-15 20:15:02
10043956009000_11,10043956009000,1994.0,2024-09-26,2025-04-15 20:15:02
10043956009000_12,10043956009000,2093.75,2024-09-21,2025-04-15 20:15:02
10043956009000_13,10043956009000,2299.0,2024-09-20,2025-04-15 20:15:02
10043956009000_14,10043956009000,2293.25,2024-09-17,2025-04-15 20:15:02
10043956009000_15,10043956009000,2093.75,2024-09-11,2025-04-15 20:15:02
10043956009000_16,10043956009000,2299.0,2024-09-10,2025-04-15 20:15:02
10043956009000_17,10043956009000,2293.25,2024-09-08,2025-04-15 20:15:02
10043956009000_18,10043956009000,2093.75,2024-09-05,2025-04-15 20:15:02
10043956009000_19,10043956009000,2093.75,2024-09-02,2025-04-15 20:15:02
10039470575692_0,10039470575692,3399.0,2025-03-18,2025-04-15 20:15:45
10039470575692_1,10039470575692,3099.0,2025-03-17,2025-04-15 20:15:45
10039470575692_2,10039470575692,3299.0,2025-03-06,2025-04-15 20:15:45
10039470575692_3,10039470575692,3299.0,2025-02-18,2025-04-15 20:15:45
10039470575692_4,10039470575692,3399.0,2024-12-24,2025-04-15 20:15:45
10039470575692_5,10039470575692,3399.0,2024-11-27,2025-04-15 20:15:45
10039470575692_6,10039470575692,3091.25,2024-11-21,2025-04-15 20:15:45
10039470575692_7,10039470575692,3399.0,2024-11-20,2025-04-15 20:15:45
10039470575692_8,10039470575692,3399.0,2024-11-20,2025-04-15 20:15:45
10039470575692_9,10039470575692,3399.0,2024-11-18,2025-04-15 20:15:45
10039470575692_10,10039470575692,3091.25,2024-11-14,2025-04-15 20:15:45
10039470575692_11,10039470575692,3399.0,2024-11-10,2025-04-15 20:15:45
10039470575692_12,10039470575692,3874.0,2024-11-10,2025-04-15 20:15:45
10039470575692_13,10039470575692,3399.0,2024-11-09,2025-04-15 20:15:45
10039470575692_14,10039470575692,3091.25,2024-11-09,2025-04-15 20:15:45
10039470575692_15,10039470575692,3399.0,2024-11-06,2025-04-15 20:15:45
10039470575692_16,10039470575692,3390.5,2024-11-05,2025-04-15 20:15:45
10039470575692_17,10039470575692,3091.25,2024-11-04,2025-04-15 20:15:45
10039470575692_18,10039470575692,3399.0,2024-10-31,2025-04-15 20:15:45
10039470575692_19,10039470575692,3091.25,2024-10-16,2025-04-15 20:15:45
10036130619501_0,10036130619501,539.0,2025-03-18,2025-04-15 20:16:43
10036130619501_1,10036130619501,559.0,2025-03-06,2025-04-15 20:16:43
10036130619501_2,10036130619501,559.0,2025-02-18,2025-04-15 20:16:43
10036130619501_3,10036130619501,549.0,2025-02-12,2025-04-15 20:16:43
10036130619501_4,10036130619501,539.0,2025-02-11,2025-04-15 20:16:43
10036130619501_5,10036130619501,549.0,2025-01-07,2025-04-15 20:16:43
10036130619501_6,10036130619501,549.0,2024-11-28,2025-04-15 20:16:43
10036130619501_7,10036130619501,589.0,2024-11-01,2025-04-15 20:16:43
10036130619501_8,10036130619501,547.63,2024-10-09,2025-04-15 20:16:43
10036130619501_9,10036130619501,684.29,2024-10-08,2025-04-15 20:16:43
10036130619501_10,10036130619501,547.63,2024-09-29,2025-04-15 20:16:43
10036130619501_11,10036130619501,684.29,2024-09-21,2025-04-15 20:16:43
10036130619501_12,10036130619501,547.63,2024-09-13,2025-04-15 20:16:43
10036130619501_13,10036130619501,547.63,2024-08-23,2025-04-15 20:16:43
10036130619501_14,10036130619501,529.0,2024-06-01,2025-04-15 20:16:43
10036130619501_15,10036130619501,549.0,2024-05-25,2025-04-15 20:16:43
10036130619501_16,10036130619501,589.0,2024-05-22,2025-04-15 20:16:43
10036130619501_17,10036130619501,629.0,2024-04-25,2025-04-15 20:16:43
10036130619501_18,10036130619501,629.0,2024-03-29,2025-04-15 20:16:43
10090395528085_0,10090395528085,159.0,2025-04-11,2025-04-15 20:17:35
10090395528085_1,10090395528085,149.0,2025-03-11,2025-04-15 20:17:35
10090395528085_2,10090395528085,155.0,2025-03-04,2025-04-15 20:17:35
10090395528085_3,10090395528085,159.0,2025-02-27,2025-04-15 20:17:35
10090395528085_4,10090395528085,159.0,2025-02-06,2025-04-15 20:17:35
10090395528085_5,10090395528085,165.0,2025-01-14,2025-04-15 20:17:35
10090395528085_6,10090395528085,184.0,2025-01-02,2025-04-15 20:17:35
10090395528085_7,10090395528085,184.0,2024-12-23,2025-04-15 20:17:35
10090395528085_8,10090395528085,153.0,2024-12-07,2025-04-15 20:17:35
10090395528085_9,10090395528085,163.0,2024-11-27,2025-04-15 20:17:35
10090395528085_10,10090395528085,168.0,2024-11-25,2025-04-15 20:17:35
10090395528085_11,10090395528085,168.0,2024-11-23,2025-04-15 20:17:35
10090395528085_12,10090395528085,168.0,2024-11-19,2025-04-15 20:17:35
10090395528085_13,10090395528085,169.0,2024-11-17,2025-04-15 20:17:35
10090395528085_14,10090395528085,169.0,2024-11-16,2025-04-15 20:17:35
10090395528085_15,10090395528085,169.0,2024-11-11,2025-04-15 20:17:35
10090395528085_16,10090395528085,169.0,2024-11-09,2025-04-15 20:17:35
10090395528085_17,10090395528085,159.0,2024-10-23,2025-04-15 20:17:35
10090395528085_18,10090395528085,147.0,2024-10-22,2025-04-15 20:17:35
10090395528085_19,10090395528085,159.0,2024-10-21,2025-04-15 20:17:35
10078784143680_0,10078784143680,569.0,2025-04-13,2025-04-15 20:19:14
10078784143680_1,10078784143680,539.0,2025-04-11,2025-04-15 20:19:14
10078784143680_2,10078784143680,529.0,2025-04-10,2025-04-15 20:19:14
10078784143680_3,10078784143680,529.0,2025-03-25,2025-04-15 20:19:14
10078784143680_4,10078784143680,549.0,2025-03-04,2025-04-15 20:19:14
10078784143680_5,10078784143680,589.0,2025-02-25,2025-04-15 20:19:14
10078784143680_6,10078784143680,499.0,2025-02-06,2025-04-15 20:19:14
10078784143680_7,10078784143680,499.0,2025-01-14,2025-04-15 20:19:14
10078784143680_8,10078784143680,459.0,2025-01-02,2025-04-15 20:19:14
10078784143680_9,10078784143680,459.0,2024-12-25,2025-04-15 20:19:14
10078784143680_10,10078784143680,439.0,2024-12-19,2025-04-15 20:19:14
10078784143680_11,10078784143680,399.0,2024-12-15,2025-04-15 20:19:14
10078784143680_12,10078784143680,399.0,2024-11-27,2025-04-15 20:19:14
10078784143680_13,10078784143680,399.0,2024-11-25,2025-04-15 20:19:14
10078784143680_14,10078784143680,399.0,2024-11-23,2025-04-15 20:19:14
10078784143680_15,10078784143680,399.0,2024-11-19,2025-04-15 20:19:14
10078784143680_16,10078784143680,399.0,2024-11-17,2025-04-15 20:19:14
10078784143680_17,10078784143680,399.0,2024-11-16,2025-04-15 20:19:14
10078784143680_18,10078784143680,399.0,2024-11-11,2025-04-15 20:19:14
10078784143680_19,10078784143680,399.0,2024-11-09,2025-04-15 20:19:14
10095256672226_0,10095256672226,1249.0,2025-03-18,2025-04-15 20:20:03
10095256672226_1,10095256672226,1249.0,2025-03-06,2025-04-15 20:20:03
10095256672226_2,10095256672226,1499.0,2025-02-18,2025-04-15 20:20:03
10095256672226_3,10095256672226,1499.0,2025-01-07,2025-04-15 20:20:03
10095256672226_4,10095256672226,1499.0,2024-12-24,2025-04-15 20:20:03
10095256672226_5,10095256672226,1499.0,2024-12-10,2025-04-15 20:20:03
10095256672226_6,10095256672226,1499.0,2024-11-28,2025-04-15 20:20:03
10095256672226_7,10095256672226,1495.25,2024-11-21,2025-04-15 20:20:03
10095256672226_8,10095256672226,1599.0,2024-11-18,2025-04-15 20:20:03
10095256672226_9,10095256672226,1495.25,2024-11-16,2025-04-15 20:20:03
10095256672226_10,10095256672226,1599.0,2024-11-09,2025-04-15 20:20:03
10095256672226_11,10095256672226,1475.25,2024-11-09,2025-04-15 20:20:03
10095256672226_12,10095256672226,1599.0,2024-11-08,2025-04-15 20:20:03
10095256672226_13,10095256672226,1874.0,2024-11-08,2025-04-15 20:20:03
10095256672226_14,10095256672226,1599.0,2024-11-06,2025-04-15 20:20:03
10095256672226_15,10095256672226,1495.25,2024-11-04,2025-04-15 20:20:03
10095256672226_16,10095256672226,1599.0,2024-10-31,2025-04-15 20:20:03
10095256672226_17,10095256672226,1475.25,2024-10-21,2025-04-15 20:20:03
10095256672226_18,10095256672226,1595.0,2024-10-20,2025-04-15 20:20:03
10095256672226_19,10095256672226,1475.25,2024-10-16,2025-04-15 20:20:03
10057134757434_0,10057134757434,809.0,2025-03-06,2025-04-15 20:20:37
10057134757434_1,10057134757434,829.0,2025-02-19,2025-04-15 20:20:37
10057134757434_2,10057134757434,829.0,2025-01-07,2025-04-15 20:20:37
10057134757434_3,10057134757434,809.0,2024-12-25,2025-04-15 20:20:37
10057134757434_4,10057134757434,829.0,2024-12-24,2025-04-15 20:20:37
10057134757434_5,10057134757434,829.0,2024-11-28,2025-04-15 20:20:37
10057134757434_6,10057134757434,799.0,2024-11-01,2025-04-15 20:20:37
10057134757434_7,10057134757434,729.0,2024-10-15,2025-04-15 20:20:37
10057134757434_8,10057134757434,747.13,2024-09-30,2025-04-15 20:20:37
10057134757434_9,10057134757434,933.91,2024-09-21,2025-04-15 20:20:37
10057134757434_10,10057134757434,829.0,2024-09-20,2025-04-15 20:20:37
10057134757434_11,10057134757434,747.13,2024-09-11,2025-04-15 20:20:37
10057134757434_12,10057134757434,829.0,2024-09-10,2025-04-15 20:20:37
10057134757434_13,10057134757434,747.13,2024-08-29,2025-04-15 20:20:37
10057134757434_14,10057134757434,829.0,2024-08-28,2025-04-15 20:20:37
10057134757434_15,10057134757434,747.13,2024-08-23,2025-04-15 20:20:37
10057134757434_16,10057134757434,829.0,2024-08-20,2025-04-15 20:20:37
10057134757434_17,10057134757434,999.0,2024-08-09,2025-04-15 20:20:37
10057134757434_18,10057134757434,805.0,2024-07-16,2025-04-15 20:20:37
10057134757434_19,10057134757434,799.0,2024-05-25,2025-04-15 20:20:37
10088714480946_0,10088714480946,748.0,2024-11-02,2025-04-15 20:21:24
10088714480946_1,10088714480946,748.0,2024-10-17,2025-04-15 20:21:24
10088714480946_2,10088714480946,752.0,2024-10-02,2025-04-15 20:21:24
10088714480946_3,10088714480946,760.0,2024-09-16,2025-04-15 20:21:24
10088714480946_4,10088714480946,760.0,2024-09-15,2025-04-15 20:21:24
10088714480946_5,10088714480946,764.0,2024-09-14,2025-04-15 20:21:24
10088714480946_6,10088714480946,799.0,2024-09-03,2025-04-15 20:21:24
10088714480946_7,10088714480946,800.0,2024-08-27,2025-04-15 20:21:24
10088714480946_8,10088714480946,755.0,2024-08-14,2025-04-15 20:21:24
10088714480946_9,10088714480946,735.0,2024-07-06,2025-04-15 20:21:24
10088714480946_10,10088714480946,745.0,2024-06-28,2025-04-15 20:21:24
10088714480946_11,10088714480946,754.0,2024-06-17,2025-04-15 20:21:24
10088714480946_12,10088714480946,755.0,2024-06-11,2025-04-15 20:21:24
10088714480946_13,10088714480946,830.0,2024-06-02,2025-04-15 20:21:24
10088714480946_14,10088714480946,845.0,2024-05-27,2025-04-15 20:21:24
10088714480946_15,10088714480946,860.0,2024-05-24,2025-04-15 20:21:24
10088714480946_16,10088714480946,850.0,2024-05-21,2025-04-15 20:21:24
10088714480946_17,10088714480946,900.0,2024-05-18,2025-04-15 20:21:24
10088714480946_18,10088714480946,940.0,2024-05-12,2025-04-15 20:21:24
10088714480946_19,10088714480946,850.0,2024-04-30,2025-04-15 20:21:24
10097345058613_0,10097345058613,819.0,2025-04-13,2025-04-15 20:22:29
10097345058613_1,10097345058613,799.0,2025-04-04,2025-04-15 20:22:29
10097345058613_2,10097345058613,799.0,2025-03-20,2025-04-15 20:22:29
10097345058613_3,10097345058613,799.0,2025-02-27,2025-04-15 20:22:29
10097345058613_4,10097345058613,799.0,2025-02-06,2025-04-15 20:22:29
10097345058613_5,10097345058613,799.0,2025-01-14,2025-04-15 20:22:29
10097345058613_6,10097345058613,779.0,2025-01-02,2025-04-15 20:22:29
10097345058613_7,10097345058613,779.0,2024-12-25,2025-04-15 20:22:29
10097345058613_8,10097345058613,769.0,2024-12-10,2025-04-15 20:22:29
10097345058613_9,10097345058613,769.0,2024-11-23,2025-04-15 20:22:29
10097345058613_10,10097345058613,769.0,2024-11-19,2025-04-15 20:22:29
10097345058613_11,10097345058613,789.0,2024-11-17,2025-04-15 20:22:29
10097345058613_12,10097345058613,789.0,2024-11-16,2025-04-15 20:22:29
10097345058613_13,10097345058613,789.0,2024-11-11,2025-04-15 20:22:29
10097345058613_14,10097345058613,789.0,2024-11-09,2025-04-15 20:22:29
10097345058613_15,10097345058613,769.0,2024-10-28,2025-04-15 20:22:29
10097345058613_16,10097345058613,764.0,2024-10-23,2025-04-15 20:22:29
10097345058613_17,10097345058613,764.0,2024-10-21,2025-04-15 20:22:29
10097345058613_18,10097345058613,769.0,2024-10-17,2025-04-15 20:22:29
10097345058613_19,10097345058613,757.0,2024-10-04,2025-04-15 20:22:29
100145512964_0,100145512964,1989.0,2025-04-01,2025-04-15 20:23:22
100145512964_1,100145512964,2089.0,2025-03-31,2025-04-15 20:23:22
100145512964_2,100145512964,2089.0,2025-03-28,2025-04-15 20:23:22
100145512964_3,100145512964,1888.51,2025-02-13,2025-04-15 20:23:22
100145512964_4,100145512964,2416.76,2024-11-11,2025-04-15 20:23:22
100145512964_5,100145512964,2416.76,2024-10-27,2025-04-15 20:23:22
100145512964_6,100145512964,2416.76,2024-10-27,2025-04-15 20:23:22
100145512964_7,100145512964,2436.76,2024-10-24,2025-04-15 20:23:22
100101957426_0,100101957426,5499.0,2024-11-17,2025-04-15 20:24:12
100101957426_1,100101957426,5479.0,2024-11-06,2025-04-15 20:24:12
100101957426_2,100101957426,5479.0,2024-10-26,2025-04-15 20:24:12
100101957426_3,100101957426,5479.0,2024-10-14,2025-04-15 20:24:12
100101957426_4,100101957426,5679.0,2024-10-09,2025-04-15 20:24:12
100101957426_5,100101957426,5679.0,2024-09-18,2025-04-15 20:24:12
100101957426_6,100101957426,5699.0,2024-08-11,2025-04-15 20:24:12
100101957426_7,100101957426,5699.0,2024-07-05,2025-04-15 20:24:12
100101957426_8,100101957426,5899.0,2024-05-21,2025-04-15 20:24:12
100086706802_0,100086706802,679.0,2025-01-22,2025-04-15 20:26:13
100086706802_1,100086706802,679.0,2024-12-18,2025-04-15 20:26:13
100086706802_2,100086706802,699.0,2024-12-07,2025-04-15 20:26:13
100086706802_3,100086706802,699.0,2024-11-28,2025-04-15 20:26:13
100086706802_4,100086706802,689.0,2024-10-25,2025-04-15 20:26:13
100086706802_5,100086706802,679.0,2024-10-15,2025-04-15 20:26:13
100086706802_6,100086706802,799.0,2024-09-23,2025-04-15 20:26:13
100086706802_7,100086706802,779.0,2024-09-19,2025-04-15 20:26:13
100086706802_8,100086706802,794.0,2024-09-09,2025-04-15 20:26:13
100086706802_9,100086706802,844.0,2024-09-04,2025-04-15 20:26:13
100086706802_10,100086706802,949.0,2024-08-11,2025-04-15 20:26:13
100086706802_11,100086706802,799.0,2024-07-17,2025-04-15 20:26:13
100086706802_12,100086706802,799.0,2024-06-19,2025-04-15 20:26:13
100120799081_0,100120799081,1989.0,2025-04-11,2025-04-15 20:27:53
100120799081_1,100120799081,1989.0,2025-03-27,2025-04-15 20:27:53
100120799081_2,100120799081,1787.92,2025-02-21,2025-04-15 20:27:53
100120799081_3,100120799081,1790.0,2025-02-16,2025-04-15 20:27:53
100120799081_4,100120799081,2157.01,2025-01-07,2025-04-15 20:27:53
100120799081_5,100120799081,2177.01,2024-12-10,2025-04-15 20:27:53
100120799081_6,100120799081,2212.51,2024-11-12,2025-04-15 20:27:53
100120799081_7,100120799081,2287.51,2024-11-11,2025-04-15 20:27:53
100120799081_8,100120799081,2267.51,2024-10-27,2025-04-15 20:27:53
100120799081_9,100120799081,2267.51,2024-10-25,2025-04-15 20:27:53
100120799081_10,100120799081,2287.51,2024-10-24,2025-04-15 20:27:53
25892820000_0,25892820000,6399.0,2025-04-02,2025-04-15 20:28:37
25892820000_1,25892820000,6599.0,2025-03-21,2025-04-15 20:28:37
25892820000_2,25892820000,6699.0,2025-03-09,2025-04-15 20:28:37
25892820000_3,25892820000,6699.0,2025-02-13,2025-04-15 20:28:37
25892820000_4,25892820000,7081.25,2024-10-06,2025-04-15 20:28:37
25892820000_5,25892820000,7081.25,2024-09-20,2025-04-15 20:28:37
25892820000_6,25892820000,7099.0,2024-09-13,2025-04-15 20:28:37
25892820000_7,25892820000,7099.0,2024-08-23,2025-04-15 20:28:37
25892820000_8,25892820000,7099.0,2024-06-22,2025-04-15 20:28:37
25892820000_9,25892820000,7099.0,2024-06-06,2025-04-15 20:28:37
25892820000_10,25892820000,7099.0,2024-06-03,2025-04-15 20:28:37
25892820000_11,25892820000,7099.0,2024-05-31,2025-04-15 20:28:37
25892820000_12,25892820000,7099.0,2024-05-28,2025-04-15 20:28:37
25892820000_13,25892820000,7099.0,2024-05-16,2025-04-15 20:28:37
25892820000_14,25892820000,7099.0,2024-03-18,2025-04-15 20:28:37
13903759499_0,13903759499,896.75,2024-11-21,2025-04-15 20:30:33
13903759499_1,13903759499,896.75,2024-10-07,2025-04-15 20:30:33
13903759499_2,13903759499,896.75,2024-09-14,2025-04-15 20:30:33
100145512952_0,100145512952,4789.0,2025-04-11,2025-04-16 12:25:52
100145512952_1,100145512952,4689.0,2025-04-03,2025-04-16 12:25:52
100145512952_2,100145512952,4689.0,2025-03-27,2025-04-16 12:25:52
100145512952_3,100145512952,4688.0,2025-03-27,2025-04-16 12:25:52
100145512952_4,100145512952,4675.51,2025-03-06,2025-04-16 12:25:52
100145512952_5,100145512952,4755.01,2024-11-10,2025-04-16 12:25:52
100145512952_6,100145512952,4655.01,2024-11-08,2025-04-16 12:25:52
100145512952_7,100145512952,4779.0,2024-11-02,2025-04-16 12:25:52
100145512952_8,100145512952,4755.01,2024-10-25,2025-04-16 12:25:52
100145512952_9,100145512952,4774.0,2024-10-24,2025-04-16 12:25:52
100145512952_10,100145512952,4679.0,2024-10-24,2025-04-16 12:25:52
100145512952_11,100145512952,4799.0,2024-10-21,2025-04-16 12:25:52
100145512952_0,100145512952,4789.0,2025-04-11,2025-04-16 13:44:24
100145512952_1,100145512952,4689.0,2025-04-03,2025-04-16 13:44:24
100145512952_2,100145512952,4689.0,2025-03-27,2025-04-16 13:44:24
100145512952_3,100145512952,4688.0,2025-03-27,2025-04-16 13:44:24
100145512952_4,100145512952,4675.51,2025-03-06,2025-04-16 13:44:24
100145512952_5,100145512952,4755.01,2024-11-10,2025-04-16 13:44:24
100145512952_6,100145512952,4655.01,2024-11-08,2025-04-16 13:44:24
100145512952_7,100145512952,4779.0,2024-11-02,2025-04-16 13:44:24
100145512952_8,100145512952,4755.01,2024-10-25,2025-04-16 13:44:24
100145512952_9,100145512952,4774.0,2024-10-24,2025-04-16 13:44:24
100145512952_10,100145512952,4679.0,2024-10-24,2025-04-16 13:44:24
100145512952_11,100145512952,4799.0,2024-10-21,2025-04-16 13:44:24
100069427196_0,100069427196,1449.0,2025-04-14,2025-04-16 13:44:35
100069427196_1,100069427196,1369.0,2025-04-08,2025-04-16 13:44:35
100069427196_2,100069427196,1429.0,2025-04-06,2025-04-16 13:44:35
100069427196_3,100069427196,1429.0,2025-03-25,2025-04-16 13:44:35
100069427196_4,100069427196,1429.0,2025-03-21,2025-04-16 13:44:35
100069427196_5,100069427196,1429.0,2025-03-17,2025-04-16 13:44:35
100069427196_6,100069427196,1424.0,2025-03-13,2025-04-16 13:44:35
100069427196_7,100069427196,1349.0,2025-03-08,2025-04-16 13:44:35
100069427196_8,100069427196,1399.0,2025-03-03,2025-04-16 13:44:35
100069427196_9,100069427196,1449.0,2025-03-02,2025-04-16 13:44:35
100069427196_10,100069427196,1259.13,2025-02-26,2025-04-16 13:44:35
100069427196_11,100069427196,1304.1,2025-02-24,2025-04-16 13:44:35
100069427196_12,100069427196,1247.52,2025-02-18,2025-04-16 13:44:35
100069427196_13,100069427196,1334.11,2025-02-17,2025-04-16 13:44:35
100069427196_14,100069427196,1349.32,2025-02-16,2025-04-16 13:44:35
100069427196_15,100069427196,1349.7,2025-02-13,2025-04-16 13:44:35
100069427196_16,100069427196,1449.0,2025-02-10,2025-04-16 13:44:35
100069427196_17,100069427196,1339.0,2024-12-31,2025-04-16 13:44:35
100069427196_18,100069427196,1389.0,2024-12-24,2025-04-16 13:44:35
100069427196_19,100069427196,1449.0,2024-12-17,2025-04-16 13:44:35
10089456109581_0,10089456109581,2299.0,2025-04-14,2025-04-16 13:44:44
10089456109581_1,10089456109581,2314.0,2025-04-13,2025-04-16 13:44:44
10089456109581_2,10089456109581,2289.0,2025-04-12,2025-04-16 13:44:44
10089456109581_3,10089456109581,2199.0,2025-04-10,2025-04-16 13:44:44
10089456109581_4,10089456109581,2185.0,2025-04-09,2025-04-16 13:44:44
10089456109581_5,10089456109581,2157.0,2025-03-28,2025-04-16 13:44:44
10089456109581_6,10089456109581,2167.0,2025-03-20,2025-04-16 13:44:44
10089456109581_7,10089456109581,2167.0,2025-02-27,2025-04-16 13:44:44
10089456109581_8,10089456109581,2168.0,2025-02-19,2025-04-16 13:44:44
10089456109581_9,10089456109581,2168.0,2025-01-29,2025-04-16 13:44:44
10089456109581_10,10089456109581,2168.0,2025-01-08,2025-04-16 13:44:44
10089456109581_11,10089456109581,2188.0,2024-12-25,2025-04-16 13:44:44
10089456109581_12,10089456109581,2199.0,2024-12-19,2025-04-16 13:44:44
10089456109581_13,10089456109581,2229.0,2024-12-12,2025-04-16 13:44:44
10089456109581_14,10089456109581,2238.0,2024-12-09,2025-04-16 13:44:44
10089456109581_15,10089456109581,2239.0,2024-12-01,2025-04-16 13:44:44
10089456109581_16,10089456109581,2245.0,2024-11-29,2025-04-16 13:44:44
10089456109581_17,10089456109581,2248.0,2024-11-26,2025-04-16 13:44:44
10089456109581_18,10089456109581,2666.0,2024-09-16,2025-04-16 13:44:44
10069968603299_0,10069968603299,1089.0,2025-04-15,2025-04-16 13:44:52
10069968603299_1,10069968603299,1078.0,2025-04-11,2025-04-16 13:44:52
10069968603299_2,10069968603299,1019.0,2025-04-10,2025-04-16 13:44:52
10069968603299_3,10069968603299,979.0,2025-04-08,2025-04-16 13:44:52
10069968603299_4,10069968603299,978.0,2025-04-07,2025-04-16 13:44:52
10069968603299_5,10069968603299,969.0,2025-04-01,2025-04-16 13:44:52
10069968603299_6,10069968603299,977.0,2025-03-20,2025-04-16 13:44:52
10069968603299_7,10069968603299,967.0,2025-03-18,2025-04-16 13:44:52
10069968603299_8,10069968603299,969.0,2025-03-14,2025-04-16 13:44:52
10069968603299_9,10069968603299,978.0,2025-02-11,2025-04-16 13:44:52
10069968603299_10,10069968603299,938.0,2025-01-11,2025-04-16 13:44:52
10069968603299_11,10069968603299,939.0,2025-01-04,2025-04-16 13:44:52
10069968603299_12,10069968603299,919.0,2024-12-24,2025-04-16 13:44:52
10069968603299_13,10069968603299,899.0,2024-12-22,2025-04-16 13:44:52
10069968603299_14,10069968603299,893.0,2024-12-21,2025-04-16 13:44:52
10069968603299_15,10069968603299,883.0,2024-12-18,2025-04-16 13:44:52
10069968603299_16,10069968603299,879.0,2024-12-11,2025-04-16 13:44:52
10069968603299_17,10069968603299,879.0,2024-12-08,2025-04-16 13:44:52
10069968603299_18,10069968603299,899.0,2024-12-04,2025-04-16 13:44:52
10069968603299_19,10069968603299,894.0,2024-12-03,2025-04-16 13:44:52
100031035610_0,100031035610,839.0,2025-02-06,2025-04-16 13:45:00
100031035610_1,100031035610,839.0,2025-01-23,2025-04-16 13:45:00
100031035610_2,100031035610,839.0,2025-01-18,2025-04-16 13:45:00
100031035610_3,100031035610,839.0,2025-01-12,2025-04-16 13:45:00
100031035610_4,100031035610,839.0,2025-01-09,2025-04-16 13:45:00
100031035610_5,100031035610,839.0,2025-01-06,2025-04-16 13:45:00
100031035610_6,100031035610,839.0,2025-01-03,2025-04-16 13:45:00
100031035610_7,100031035610,839.0,2024-12-30,2025-04-16 13:45:00
100031035610_8,100031035610,829.0,2024-11-11,2025-04-16 13:45:00
100031035610_9,100031035610,819.0,2024-11-10,2025-04-16 13:45:00
100031035610_10,100031035610,829.0,2024-11-08,2025-04-16 13:45:00
100031035610_11,100031035610,1279.0,2024-11-08,2025-04-16 13:45:00
100031035610_12,100031035610,829.0,2024-10-26,2025-04-16 13:45:00
100031035610_13,100031035610,819.0,2024-10-25,2025-04-16 13:45:00
100031035610_14,100031035610,829.0,2024-10-24,2025-04-16 13:45:00
100031035610_15,100031035610,848.0,2024-10-21,2025-04-16 13:45:00
100031035610_16,100031035610,849.0,2024-10-15,2025-04-16 13:45:00
100031035610_17,100031035610,878.0,2024-10-08,2025-04-16 13:45:00
100031035610_18,100031035610,893.0,2024-09-25,2025-04-16 13:45:00
100031035610_19,100031035610,878.0,2024-09-18,2025-04-16 13:45:00
100044164608_0,100044164608,794.0,2025-04-04,2025-04-16 13:45:08
100044164608_1,100044164608,798.0,2025-03-27,2025-04-16 13:45:08
100044164608_2,100044164608,799.0,2025-03-25,2025-04-16 13:45:08
100044164608_3,100044164608,799.0,2025-03-22,2025-04-16 13:45:08
100044164608_4,100044164608,799.0,2025-03-17,2025-04-16 13:45:08
100044164608_5,100044164608,819.0,2025-03-13,2025-04-16 13:45:08
100044164608_6,100044164608,819.0,2025-03-06,2025-04-16 13:45:08
100044164608_7,100044164608,849.0,2025-03-01,2025-04-16 13:45:08
100044164608_8,100044164608,859.0,2025-02-18,2025-04-16 13:45:08
100044164608_9,100044164608,809.23,2025-02-15,2025-04-16 13:45:08
100044164608_10,100044164608,949.0,2025-01-06,2025-04-16 13:45:08
100044164608_11,100044164608,949.0,2025-01-01,2025-04-16 13:45:08
100044164608_12,100044164608,949.0,2024-12-29,2025-04-16 13:45:08
100044164608_13,100044164608,949.0,2024-12-26,2025-04-16 13:45:08
100044164608_14,100044164608,949.0,2024-12-23,2025-04-16 13:45:08
100044164608_15,100044164608,949.0,2024-12-20,2025-04-16 13:45:08
100044164608_16,100044164608,949.0,2024-12-17,2025-04-16 13:45:08
100044164608_17,100044164608,949.0,2024-12-13,2025-04-16 13:45:08
100044164608_18,100044164608,1199.0,2024-12-06,2025-04-16 13:45:08
100044164608_19,100044164608,1199.0,2024-12-03,2025-04-16 13:45:08
10069496172347_0,10069496172347,1449.0,2024-10-23,2025-04-16 13:45:16
10069496172347_1,10069496172347,1619.0,2024-10-01,2025-04-16 13:45:16
10069496172347_2,10069496172347,1619.0,2024-09-15,2025-04-16 13:45:16
10069496172347_3,10069496172347,1609.0,2024-09-07,2025-04-16 13:45:16
10069496172347_4,10069496172347,1629.0,2024-08-28,2025-04-16 13:45:16
10069496172347_5,10069496172347,1599.0,2024-08-26,2025-04-16 13:45:16
10069496172347_6,10069496172347,1559.0,2024-08-22,2025-04-16 13:45:16
10069496172347_7,10069496172347,1599.0,2024-08-08,2025-04-16 13:45:16
10069496172347_8,10069496172347,1599.0,2024-07-19,2025-04-16 13:45:16
10069496172347_9,10069496172347,1599.0,2024-07-03,2025-04-16 13:45:16
10069496172347_10,10069496172347,1659.0,2024-06-16,2025-04-16 13:45:16
10069496172347_11,10069496172347,1709.0,2024-06-03,2025-04-16 13:45:16
10069496172347_12,10069496172347,1719.0,2024-05-23,2025-04-16 13:45:16
10069496172347_13,10069496172347,1739.0,2024-05-17,2025-04-16 13:45:16
10069496172347_14,10069496172347,1769.0,2024-05-11,2025-04-16 13:45:16
10069496172347_15,10069496172347,1779.0,2024-04-27,2025-04-16 13:45:16
10069496172347_16,10069496172347,1799.0,2024-04-26,2025-04-16 13:45:16
10069496172347_17,10069496172347,1819.0,2024-04-18,2025-04-16 13:45:16
10069496172347_18,10069496172347,1819.0,2024-04-03,2025-04-16 13:45:16
10069496172347_19,10069496172347,1829.0,2024-03-19,2025-04-16 13:45:16
10027670672823_0,10027670672823,1229.0,2025-03-18,2025-04-16 13:45:23
10027670672823_1,10027670672823,1229.0,2025-03-06,2025-04-16 13:45:23
10027670672823_2,10027670672823,1129.0,2025-03-05,2025-04-16 13:45:23
10027670672823_3,10027670672823,1229.0,2025-02-17,2025-04-16 13:45:23
10027670672823_4,10027670672823,1229.0,2025-02-10,2025-04-16 13:45:23
10027670672823_5,10027670672823,1229.0,2025-02-10,2025-04-16 13:45:23
10027670672823_6,10027670672823,1199.0,2025-01-07,2025-04-16 13:45:23
10027670672823_7,10027670672823,1199.0,2024-12-24,2025-04-16 13:45:23
10027670672823_8,10027670672823,1199.0,2024-12-09,2025-04-16 13:45:23
10027670672823_9,10027670672823,1199.0,2024-11-27,2025-04-16 13:45:23
10027670672823_10,10027670672823,1199.0,2024-11-10,2025-04-16 13:45:23
10027670672823_11,10027670672823,1199.0,2024-11-06,2025-04-16 13:45:23
10027670672823_12,10027670672823,1076.25,2024-10-17,2025-04-16 13:45:23
10027670672823_13,10027670672823,1199.0,2024-10-15,2025-04-16 13:45:23
10027670672823_14,10027670672823,1196.0,2024-10-10,2025-04-16 13:45:23
10027670672823_15,10027670672823,1299.0,2024-10-09,2025-04-16 13:45:23
10027670672823_16,10027670672823,1196.0,2024-09-21,2025-04-16 13:45:23
10027670672823_17,10027670672823,1299.0,2024-09-20,2025-04-16 13:45:23
10027670672823_18,10027670672823,1299.0,2024-09-18,2025-04-16 13:45:23
10027670672823_19,10027670672823,1299.0,2024-09-18,2025-04-16 13:45:23
100070072275_0,100070072275,3398.0,2025-03-15,2025-04-16 13:45:33
100070072275_1,100070072275,3199.0,2025-02-27,2025-04-16 13:45:33
100070072275_2,100070072275,3074.0,2024-12-17,2025-04-16 13:45:33
100070072275_3,100070072275,3199.0,2024-12-17,2025-04-16 13:45:33
100070072275_4,100070072275,3079.0,2024-12-12,2025-04-16 13:45:33
100070072275_5,100070072275,3199.0,2024-12-12,2025-04-16 13:45:33
100070072275_6,100070072275,3199.0,2024-12-11,2025-04-16 13:45:33
100070072275_7,100070072275,3199.0,2024-12-07,2025-04-16 13:45:33
100070072275_8,100070072275,3199.0,2024-12-02,2025-04-16 13:45:33
100070072275_9,100070072275,3339.0,2024-11-18,2025-04-16 13:45:33
100070072275_10,100070072275,3599.0,2024-11-18,2025-04-16 13:45:33
100070072275_11,100070072275,3579.0,2024-11-17,2025-04-16 13:45:33
100070072275_12,100070072275,3199.0,2024-11-15,2025-04-16 13:45:33
100070072275_13,100070072275,3199.0,2024-11-10,2025-04-16 13:45:33
100070072275_14,100070072275,3299.0,2024-11-09,2025-04-16 13:45:33
100070072275_15,100070072275,3599.0,2024-10-31,2025-04-16 13:45:33
100070072275_16,100070072275,3679.0,2024-10-31,2025-04-16 13:45:33
100070072275_17,100070072275,3698.9,2024-10-22,2025-04-16 13:45:33
100070072275_18,100070072275,3698.9,2024-10-19,2025-04-16 13:45:33
100070072275_19,100070072275,3799.0,2024-10-14,2025-04-16 13:45:33
100070072261_0,100070072261,2598.9,2025-02-21,2025-04-16 13:45:42
100070072261_1,100070072261,2598.9,2025-02-13,2025-04-16 13:45:42
100070072261_2,100070072261,2778.9,2025-02-01,2025-04-16 13:45:42
100070072261_3,100070072261,2798.9,2025-01-20,2025-04-16 13:45:42
100070072261_4,100070072261,2798.9,2025-01-14,2025-04-16 13:45:42
100070072261_5,100070072261,2798.9,2025-01-11,2025-04-16 13:45:42
100070072261_6,100070072261,2798.9,2025-01-08,2025-04-16 13:45:42
100070072261_7,100070072261,2798.9,2025-01-05,2025-04-16 13:45:42
100070072261_8,100070072261,2798.9,2025-01-02,2025-04-16 13:45:42
100070072261_9,100070072261,2798.9,2024-12-29,2025-04-16 13:45:42
100070072261_10,100070072261,2799.0,2024-12-20,2025-04-16 13:45:42
100070072261_11,100070072261,2798.9,2024-12-17,2025-04-16 13:45:42
100070072261_12,100070072261,2798.9,2024-12-13,2025-04-16 13:45:42
100070072261_13,100070072261,2798.9,2024-12-10,2025-04-16 13:45:42
100070072261_14,100070072261,2798.9,2024-12-07,2025-04-16 13:45:42
100070072261_15,100070072261,2798.9,2024-12-03,2025-04-16 13:45:42
100070072261_16,100070072261,2798.9,2024-11-27,2025-04-16 13:45:42
100070072261_17,100070072261,2798.9,2024-11-23,2025-04-16 13:45:42
100070072261_18,100070072261,2799.0,2024-11-17,2025-04-16 13:45:42
100070072261_19,100070072261,2724.0,2024-11-11,2025-04-16 13:45:42
100049450275_0,100049450275,1028.0,2025-03-20,2025-04-16 13:45:51
100049450275_1,100049450275,989.0,2025-02-02,2025-04-16 13:45:51
100049450275_2,100049450275,1249.0,2024-11-27,2025-04-16 13:45:51
100049450275_3,100049450275,1219.0,2024-11-18,2025-04-16 13:45:51
100049450275_4,100049450275,1229.0,2024-11-11,2025-04-16 13:45:51
100049450275_5,100049450275,1219.0,2024-11-10,2025-04-16 13:45:51
100049450275_6,100049450275,1229.0,2024-11-09,2025-04-16 13:45:51
100049450275_7,100049450275,1679.0,2024-11-08,2025-04-16 13:45:51
100049450275_8,100049450275,1229.0,2024-10-26,2025-04-16 13:45:51
100049450275_9,100049450275,1219.0,2024-10-25,2025-04-16 13:45:51
100049450275_10,100049450275,1219.0,2024-10-25,2025-04-16 13:45:51
100049450275_11,100049450275,1229.0,2024-10-24,2025-04-16 13:45:51
100049450275_12,100049450275,1249.0,2024-10-20,2025-04-16 13:45:51
100049450275_13,100049450275,1319.0,2024-10-08,2025-04-16 13:45:51
100049450275_14,100049450275,1328.0,2024-09-18,2025-04-16 13:45:51
100049450275_15,100049450275,1343.0,2024-09-11,2025-04-16 13:45:51
100049450275_16,100049450275,1348.0,2024-08-16,2025-04-16 13:45:51
100049450275_17,100049450275,1699.0,2024-08-16,2025-04-16 13:45:51
100049450275_18,100049450275,1348.0,2024-08-13,2025-04-16 13:45:51
100049450275_19,100049450275,1348.0,2024-08-09,2025-04-16 13:45:51
10087603489123_0,10087603489123,1799.0,2025-03-17,2025-04-16 13:45:59
10087603489123_1,10087603489123,1999.0,2025-02-17,2025-04-16 13:45:59
10087603489123_2,10087603489123,1899.0,2025-02-10,2025-04-16 13:45:59
10087603489123_3,10087603489123,1899.0,2025-02-10,2025-04-16 13:45:59
10087603489123_4,10087603489123,1949.0,2025-01-08,2025-04-16 13:45:59
10087603489123_5,10087603489123,1999.0,2025-01-06,2025-04-16 13:45:59
10087603489123_6,10087603489123,1899.0,2024-12-24,2025-04-16 13:45:59
10087603489123_7,10087603489123,1999.0,2024-12-18,2025-04-16 13:45:59
10087603489123_8,10087603489123,1999.0,2024-11-27,2025-04-16 13:45:59
10087603489123_9,10087603489123,1844.38,2024-11-21,2025-04-16 13:45:59
10087603489123_10,10087603489123,2049.0,2024-11-18,2025-04-16 13:45:59
10087603489123_11,10087603489123,1844.38,2024-11-14,2025-04-16 13:45:59
10087603489123_12,10087603489123,2049.0,2024-11-09,2025-04-16 13:45:59
10087603489123_13,10087603489123,2023.88,2024-11-09,2025-04-16 13:45:59
10087603489123_14,10087603489123,1824.38,2024-11-09,2025-04-16 13:45:59
10087603489123_15,10087603489123,2049.0,2024-11-08,2025-04-16 13:45:59
10087603489123_16,10087603489123,2311.0,2024-11-08,2025-04-16 13:45:59
10087603489123_17,10087603489123,2049.0,2024-11-06,2025-04-16 13:45:59
10087603489123_18,10087603489123,2029.0,2024-11-05,2025-04-16 13:45:59
10087603489123_19,10087603489123,1844.38,2024-11-04,2025-04-16 13:45:59
10036126341929_0,10036126341929,609.0,2025-03-17,2025-04-16 13:46:07
10036126341929_1,10036126341929,609.0,2025-02-18,2025-04-16 13:46:07
10036126341929_2,10036126341929,609.0,2025-01-07,2025-04-16 13:46:07
10036126341929_3,10036126341929,609.0,2024-12-19,2025-04-16 13:46:07
10036126341929_4,10036126341929,609.0,2024-11-27,2025-04-16 13:46:07
10036126341929_5,10036126341929,497.75,2024-11-21,2025-04-16 13:46:07
10036126341929_6,10036126341929,549.0,2024-11-18,2025-04-16 13:46:07
10036126341929_7,10036126341929,559.0,2024-11-01,2025-04-16 13:46:07
10036126341929_8,10036126341929,677.25,2024-10-16,2025-04-16 13:46:07
10036126341929_9,10036126341929,769.0,2024-10-15,2025-04-16 13:46:07
10036126341929_10,10036126341929,747.13,2024-10-10,2025-04-16 13:46:07
10036126341929_11,10036126341929,829.0,2024-10-09,2025-04-16 13:46:07
10036126341929_12,10036126341929,826.93,2024-10-08,2025-04-16 13:46:07
10036126341929_13,10036126341929,747.13,2024-09-21,2025-04-16 13:46:07
10036126341929_14,10036126341929,829.0,2024-09-20,2025-04-16 13:46:07
10036126341929_15,10036126341929,826.93,2024-09-17,2025-04-16 13:46:07
10036126341929_16,10036126341929,747.13,2024-09-11,2025-04-16 13:46:07
10036126341929_17,10036126341929,829.0,2024-09-10,2025-04-16 13:46:07
10036126341929_18,10036126341929,826.93,2024-09-08,2025-04-16 13:46:07
10036126341929_19,10036126341929,742.13,2024-09-08,2025-04-16 13:46:07
100120799071_0,100120799071,2589.0,2025-04-12,2025-04-16 13:46:46
100120799071_1,100120799071,2389.0,2025-04-10,2025-04-16 13:46:46
100120799071_2,100120799071,2368.0,2025-04-09,2025-04-16 13:46:46
100120799071_3,100120799071,2389.0,2025-04-02,2025-04-16 13:46:46
100120799071_4,100120799071,2378.0,2025-04-01,2025-04-16 13:46:46
100120799071_5,100120799071,2389.0,2025-03-27,2025-04-16 13:46:46
100120799071_6,100120799071,2387.01,2025-03-21,2025-04-16 13:46:46
100120799071_7,100120799071,2367.01,2025-03-17,2025-04-16 13:46:46
100120799071_8,100120799071,2387.01,2025-03-11,2025-04-16 13:46:46
100120799071_9,100120799071,2387.01,2025-03-07,2025-04-16 13:46:46
100120799071_10,100120799071,2387.01,2025-03-03,2025-04-16 13:46:46
100120799071_11,100120799071,2586.01,2025-02-27,2025-04-16 13:46:46
100120799071_12,100120799071,2386.01,2025-02-23,2025-04-16 13:46:46
100120799071_13,100120799071,2808.76,2025-02-18,2025-04-16 13:46:46
100120799071_14,100120799071,3033.76,2025-02-15,2025-04-16 13:46:46
100120799071_15,100120799071,3083.51,2025-02-08,2025-04-16 13:46:46
100120799071_16,100120799071,3063.51,2025-02-04,2025-04-16 13:46:46
100120799071_17,100120799071,3083.51,2024-12-09,2025-04-16 13:46:46
100120799071_18,100120799071,3183.0,2024-11-25,2025-04-16 13:46:46
100120799071_19,100120799071,3163.01,2024-11-11,2025-04-16 13:46:46
10027814686087_0,10027814686087,2299.0,2025-03-18,2025-04-16 13:47:05
10027814686087_1,10027814686087,2349.0,2025-02-18,2025-04-16 13:47:05
10027814686087_2,10027814686087,2299.0,2025-01-07,2025-04-16 13:47:05
10027814686087_3,10027814686087,2299.0,2024-12-18,2025-04-16 13:47:05
10027814686087_4,10027814686087,2399.0,2024-11-27,2025-04-16 13:47:05
10027814686087_5,10027814686087,2193.5,2024-11-21,2025-04-16 13:47:05
10027814686087_6,10027814686087,2399.0,2024-11-18,2025-04-16 13:47:05
10027814686087_7,10027814686087,2193.5,2024-11-14,2025-04-16 13:47:05
10027814686087_8,10027814686087,2624.0,2024-11-08,2025-04-16 13:47:05
10027814686087_9,10027814686087,2199.0,2024-11-06,2025-04-16 13:47:05
10027814686087_10,10027814686087,2193.5,2024-11-04,2025-04-16 13:47:05
10027814686087_11,10027814686087,2199.0,2024-11-01,2025-04-16 13:47:05
10027814686087_12,10027814686087,2173.5,2024-10-17,2025-04-16 13:47:05
10027814686087_13,10027814686087,2299.0,2024-10-15,2025-04-16 13:47:05
10027814686087_14,10027814686087,2193.5,2024-10-11,2025-04-16 13:47:05
10027814686087_15,10027814686087,2299.0,2024-10-09,2025-04-16 13:47:05
10027814686087_16,10027814686087,2188.5,2024-09-22,2025-04-16 13:47:05
10027814686087_17,10027814686087,2193.5,2024-09-21,2025-04-16 13:47:05
10027814686087_18,10027814686087,2193.0,2024-09-20,2025-04-16 13:47:05
10027814686087_19,10027814686087,2399.0,2024-09-20,2025-04-16 13:47:05
10039470575696_0,10039470575696,1549.0,2025-03-17,2025-04-16 13:47:13
10039470575696_1,10039470575696,1549.0,2025-03-06,2025-04-16 13:47:13
10039470575696_2,10039470575696,1649.0,2025-02-17,2025-04-16 13:47:13
10039470575696_3,10039470575696,1749.0,2025-02-10,2025-04-16 13:47:13
10039470575696_4,10039470575696,1749.0,2025-02-10,2025-04-16 13:47:13
10039470575696_5,10039470575696,1549.0,2025-02-07,2025-04-16 13:47:13
10039470575696_6,10039470575696,1599.0,2025-01-06,2025-04-16 13:47:13
10039470575696_7,10039470575696,1599.0,2024-12-24,2025-04-16 13:47:13
10039470575696_8,10039470575696,1599.0,2024-12-12,2025-04-16 13:47:13
10039470575696_9,10039470575696,1599.0,2024-11-27,2025-04-16 13:47:13
10039470575696_10,10039470575696,1495.25,2024-11-21,2025-04-16 13:47:13
10039470575696_11,10039470575696,1599.0,2024-11-18,2025-04-16 13:47:13
10039470575696_12,10039470575696,1495.25,2024-11-14,2025-04-16 13:47:13
10039470575696_13,10039470575696,1599.0,2024-11-09,2025-04-16 13:47:13
10039470575696_14,10039470575696,1475.25,2024-11-09,2025-04-16 13:47:13
10039470575696_15,10039470575696,1599.0,2024-11-06,2025-04-16 13:47:13
10039470575696_16,10039470575696,1595.0,2024-11-05,2025-04-16 13:47:13
10039470575696_17,10039470575696,1495.25,2024-11-04,2025-04-16 13:47:13
10039470575696_18,10039470575696,1599.0,2024-10-31,2025-04-16 13:47:13
10039470575696_19,10039470575696,1475.25,2024-10-16,2025-04-16 13:47:13
10027803346517_0,10027803346517,939.0,2025-03-18,2025-04-16 13:47:32
10027803346517_1,10027803346517,999.0,2025-03-06,2025-04-16 13:47:32
10027803346517_2,10027803346517,1099.0,2025-02-17,2025-04-16 13:47:32
10027803346517_3,10027803346517,1099.0,2025-02-12,2025-04-16 13:47:32
10027803346517_4,10027803346517,999.0,2025-02-12,2025-04-16 13:47:32
10027803346517_5,10027803346517,1099.0,2025-02-10,2025-04-16 13:47:32
10027803346517_6,10027803346517,1099.0,2025-02-10,2025-04-16 13:47:32
10027803346517_7,10027803346517,1099.0,2025-01-08,2025-04-16 13:47:32
10027803346517_8,10027803346517,999.0,2025-01-07,2025-04-16 13:47:32
10027803346517_9,10027803346517,999.0,2024-12-17,2025-04-16 13:47:32
10027803346517_10,10027803346517,999.0,2024-11-27,2025-04-16 13:47:32
10027803346517_11,10027803346517,896.75,2024-11-21,2025-04-16 13:47:32
10027803346517_12,10027803346517,999.0,2024-11-18,2025-04-16 13:47:32
10027803346517_13,10027803346517,896.75,2024-11-14,2025-04-16 13:47:32
10027803346517_14,10027803346517,939.0,2024-11-09,2025-04-16 13:47:32
10027803346517_15,10027803346517,876.75,2024-11-09,2025-04-16 13:47:32
10027803346517_16,10027803346517,939.0,2024-11-08,2025-04-16 13:47:32
10027803346517_17,10027803346517,1061.0,2024-11-08,2025-04-16 13:47:32
10027803346517_18,10027803346517,939.0,2024-11-06,2025-04-16 13:47:32
10027803346517_19,10027803346517,919.0,2024-11-05,2025-04-16 13:47:32
100006897507_0,100006897507,589.0,2024-11-19,2025-04-16 13:48:01
100006897507_1,100006897507,679.0,2024-11-08,2025-04-16 13:48:01
100006897507_2,100006897507,979.0,2024-11-08,2025-04-16 13:48:01
100006897507_3,100006897507,679.0,2024-10-24,2025-04-16 13:48:01
100006897507_4,100006897507,659.0,2024-10-16,2025-04-16 13:48:01
100006897507_5,100006897507,679.0,2024-10-08,2025-04-16 13:48:01
100006897507_6,100006897507,679.0,2024-09-18,2025-04-16 13:48:01
100006897507_7,100006897507,649.0,2024-07-10,2025-04-16 13:48:01
10069496172346_0,10069496172346,1229.0,2024-10-02,2025-04-16 13:48:18
10069496172346_1,10069496172346,1229.0,2024-09-17,2025-04-16 13:48:18
10069496172346_2,10069496172346,1279.0,2024-09-06,2025-04-16 13:48:18
10069496172346_3,10069496172346,1269.0,2024-08-31,2025-04-16 13:48:18
10069496172346_4,10069496172346,1269.0,2024-08-16,2025-04-16 13:48:18
10069496172346_5,10069496172346,1279.0,2024-08-08,2025-04-16 13:48:18
10069496172346_6,10069496172346,1279.0,2024-07-17,2025-04-16 13:48:18
10069496172346_7,10069496172346,1279.0,2024-06-28,2025-04-16 13:48:18
10069496172346_8,10069496172346,1279.0,2024-06-18,2025-04-16 13:48:18
10069496172346_9,10069496172346,1279.0,2024-06-02,2025-04-16 13:48:18
10069496172346_10,10069496172346,1279.0,2024-05-18,2025-04-16 13:48:18
10069496172346_11,10069496172346,1309.0,2024-05-09,2025-04-16 13:48:18
10069496172346_12,10069496172346,1309.0,2024-04-24,2025-04-16 13:48:18
10069496172346_13,10069496172346,1309.0,2024-04-07,2025-04-16 13:48:18
10069496172346_14,10069496172346,1309.0,2024-03-23,2025-04-16 13:48:18
10069496172346_15,10069496172346,1319.0,2024-03-21,2025-04-16 13:48:18
10068925213637_0,10068925213637,1499.0,2025-04-14,2025-04-16 13:48:27
10068925213637_1,10068925213637,1432.0,2025-04-13,2025-04-16 13:48:27
10068925213637_2,10068925213637,1408.0,2025-04-01,2025-04-16 13:48:27
10068925213637_3,10068925213637,1418.0,2025-03-19,2025-04-16 13:48:27
10068925213637_4,10068925213637,1394.0,2025-03-12,2025-04-16 13:48:27
10068925213637_5,10068925213637,1396.0,2025-03-09,2025-04-16 13:48:27
10068925213637_6,10068925213637,1394.0,2025-03-02,2025-04-16 13:48:27
10068925213637_7,10068925213637,1418.0,2025-02-28,2025-04-16 13:48:27
10068925213637_8,10068925213637,1418.0,2025-02-07,2025-04-16 13:48:27
10068925213637_9,10068925213637,1418.0,2025-01-17,2025-04-16 13:48:27
10068925213637_10,10068925213637,1367.0,2025-01-04,2025-04-16 13:48:27
10068925213637_11,10068925213637,1359.0,2024-12-23,2025-04-16 13:48:27
10068925213637_12,10068925213637,1369.0,2024-12-19,2025-04-16 13:48:27
10068925213637_13,10068925213637,1379.0,2024-12-12,2025-04-16 13:48:27
10068925213637_14,10068925213637,1388.0,2024-12-09,2025-04-16 13:48:27
10068925213637_15,10068925213637,1389.0,2024-12-05,2025-04-16 13:48:27
10068925213637_16,10068925213637,1394.0,2024-12-03,2025-04-16 13:48:27
10068925213637_17,10068925213637,1408.0,2024-12-01,2025-04-16 13:48:27
10068925213637_18,10068925213637,1438.0,2024-11-29,2025-04-16 13:48:27
10068925213637_19,10068925213637,1459.0,2024-11-26,2025-04-16 13:48:27
10061565047909_0,10061565047909,2699.0,2025-03-20,2025-04-16 13:49:05
10061565047909_1,10061565047909,2599.0,2025-03-18,2025-04-16 13:49:05
10061565047909_2,10061565047909,2599.0,2025-02-17,2025-04-16 13:49:05
10061565047909_3,10061565047909,2599.0,2025-01-06,2025-04-16 13:49:05
10061565047909_4,10061565047909,2599.0,2024-12-17,2025-04-16 13:49:05
10061565047909_5,10061565047909,2649.0,2024-12-09,2025-04-16 13:49:05
10061565047909_6,10061565047909,2442.88,2024-11-21,2025-04-16 13:49:05
10061565047909_7,10061565047909,2649.0,2024-11-18,2025-04-16 13:49:05
10061565047909_8,10061565047909,2442.88,2024-11-14,2025-04-16 13:49:05
10061565047909_9,10061565047909,2649.0,2024-11-09,2025-04-16 13:49:05
10061565047909_10,10061565047909,2422.88,2024-11-09,2025-04-16 13:49:05
10061565047909_11,10061565047909,2599.0,2024-11-08,2025-04-16 13:49:05
10061565047909_12,10061565047909,2999.0,2024-11-08,2025-04-16 13:49:05
10061565047909_13,10061565047909,2599.0,2024-11-06,2025-04-16 13:49:05
10061565047909_14,10061565047909,2579.0,2024-11-05,2025-04-16 13:49:05
10061565047909_15,10061565047909,2393.0,2024-11-04,2025-04-16 13:49:05
10061565047909_16,10061565047909,2599.0,2024-10-31,2025-04-16 13:49:05
10061565047909_17,10061565047909,2393.0,2024-10-31,2025-04-16 13:49:05
10061565047909_18,10061565047909,2393.0,2024-10-16,2025-04-16 13:49:05
10061565047909_19,10061565047909,2599.0,2024-10-15,2025-04-16 13:49:05
10098278509304_0,10098278509304,389.0,2025-04-16,2025-04-16 13:49:23
10098278509304_1,10098278509304,379.0,2025-04-13,2025-04-16 13:49:23
10098278509304_2,10098278509304,369.0,2025-04-11,2025-04-16 13:49:23
10098278509304_3,10098278509304,349.0,2025-03-28,2025-04-16 13:49:23
10098278509304_4,10098278509304,349.0,2025-03-11,2025-04-16 13:49:23
10098278509304_5,10098278509304,359.0,2025-03-04,2025-04-16 13:49:23
10098278509304_6,10098278509304,369.0,2025-02-28,2025-04-16 13:49:23
10098278509304_7,10098278509304,339.0,2025-02-27,2025-04-16 13:49:23
10098278509304_8,10098278509304,339.0,2025-02-06,2025-04-16 13:49:23
10098278509304_9,10098278509304,329.0,2025-01-14,2025-04-16 13:49:23
10098278509304_10,10098278509304,339.0,2025-01-02,2025-04-16 13:49:23
10098278509304_11,10098278509304,339.0,2024-12-23,2025-04-16 13:49:23
10098278509304_12,10098278509304,305.0,2024-12-07,2025-04-16 13:49:23
10098278509304_13,10098278509304,298.0,2024-11-25,2025-04-16 13:49:23
10098278509304_14,10098278509304,298.0,2024-11-23,2025-04-16 13:49:23
10098278509304_15,10098278509304,298.0,2024-11-19,2025-04-16 13:49:23
10098278509304_16,10098278509304,304.0,2024-11-17,2025-04-16 13:49:23
10098278509304_17,10098278509304,304.0,2024-11-16,2025-04-16 13:49:23
10098278509304_18,10098278509304,304.0,2024-11-11,2025-04-16 13:49:23
10098278509304_19,10098278509304,304.0,2024-11-09,2025-04-16 13:49:23
10097348857761_0,10097348857761,759.0,2025-04-13,2025-04-16 13:49:32
10097348857761_1,10097348857761,709.0,2025-04-11,2025-04-16 13:49:32
10097348857761_2,10097348857761,689.0,2025-04-09,2025-04-16 13:49:32
10097348857761_3,10097348857761,689.0,2025-03-25,2025-04-16 13:49:32
10097348857761_4,10097348857761,679.0,2025-03-11,2025-04-16 13:49:32
10097348857761_5,10097348857761,689.0,2025-03-04,2025-04-16 13:49:32
10097348857761_6,10097348857761,679.0,2025-02-27,2025-04-16 13:49:32
10097348857761_7,10097348857761,679.0,2025-02-06,2025-04-16 13:49:32
10097348857761_8,10097348857761,679.0,2025-01-14,2025-04-16 13:49:32
10097348857761_9,10097348857761,659.0,2025-01-02,2025-04-16 13:49:32
10097348857761_10,10097348857761,659.0,2024-12-23,2025-04-16 13:49:32
10097348857761_11,10097348857761,649.0,2024-12-09,2025-04-16 13:49:32
10097348857761_12,10097348857761,634.0,2024-11-27,2025-04-16 13:49:32
10097348857761_13,10097348857761,639.0,2024-11-25,2025-04-16 13:49:32
10097348857761_14,10097348857761,639.0,2024-11-23,2025-04-16 13:49:32
10097348857761_15,10097348857761,639.0,2024-11-19,2025-04-16 13:49:32
10097348857761_16,10097348857761,649.0,2024-11-17,2025-04-16 13:49:32
10097348857761_17,10097348857761,649.0,2024-11-16,2025-04-16 13:49:32
10097348857761_18,10097348857761,649.0,2024-11-11,2025-04-16 13:49:32
10097348857761_19,10097348857761,649.0,2024-11-09,2025-04-16 13:49:32
100026922744_0,100026922744,1899.0,2025-04-06,2025-04-16 13:50:00
100026922744_1,100026922744,1849.0,2025-02-25,2025-04-16 13:50:00
100026922744_2,100026922744,2029.0,2024-10-14,2025-04-16 13:50:00
100026922744_3,100026922744,1879.0,2024-10-08,2025-04-16 13:50:00
100026922744_4,100026922744,1879.0,2024-09-18,2025-04-16 13:50:00
100026922744_5,100026922744,1969.01,2024-03-30,2025-04-16 13:50:00
100069427204_0,100069427204,2999.0,2025-02-21,2025-04-16 13:50:08
100069427204_1,100069427204,2999.0,2025-02-13,2025-04-16 13:50:08
100069427204_2,100069427204,3199.0,2024-12-20,2025-04-16 13:50:08
100069427204_3,100069427204,3399.0,2024-12-19,2025-04-16 13:50:08
100069427204_4,100069427204,2879.0,2024-12-17,2025-04-16 13:50:08
100069427204_5,100069427204,2999.0,2024-12-17,2025-04-16 13:50:08
100069427204_6,100069427204,2999.0,2024-12-12,2025-04-16 13:50:08
100069427204_7,100069427204,2999.0,2024-12-09,2025-04-16 13:50:08
100069427204_8,100069427204,2999.0,2024-12-08,2025-04-16 13:50:08
100069427204_9,100069427204,2999.0,2024-12-03,2025-04-16 13:50:08
100069427204_10,100069427204,3379.0,2024-11-19,2025-04-16 13:50:08
100069427204_11,100069427204,3108.38,2024-11-18,2025-04-16 13:50:08
100069427204_12,100069427204,3399.0,2024-11-17,2025-04-16 13:50:08
100069427204_13,100069427204,3399.0,2024-11-17,2025-04-16 13:50:08
100069427204_14,100069427204,2999.0,2024-11-08,2025-04-16 13:50:08
100069427204_15,100069427204,3229.0,2024-11-07,2025-04-16 13:50:08
100069427204_16,100069427204,3379.0,2024-11-06,2025-04-16 13:50:08
100069427204_17,100069427204,3399.0,2024-11-06,2025-04-16 13:50:08
100069427204_18,100069427204,3399.0,2024-11-02,2025-04-16 13:50:08
100069427204_19,100069427204,3479.0,2024-10-26,2025-04-16 13:50:08
10068712540026_0,10068712540026,2640.0,2025-04-15,2025-04-16 13:50:28
10068712540026_1,10068712540026,2398.0,2025-04-09,2025-04-16 13:50:28
10068712540026_2,10068712540026,2398.0,2025-03-22,2025-04-16 13:50:28
10068712540026_3,10068712540026,2338.0,2025-03-16,2025-04-16 13:50:28
10068712540026_4,10068712540026,2348.0,2025-03-04,2025-04-16 13:50:28
10068712540026_5,10068712540026,2399.0,2025-02-20,2025-04-16 13:50:28
10068712540026_6,10068712540026,2453.0,2025-02-14,2025-04-16 13:50:28
10068712540026_7,10068712540026,2419.0,2025-02-02,2025-04-16 13:50:28
10068712540026_8,10068712540026,2419.0,2025-01-09,2025-04-16 13:50:28
10068712540026_9,10068712540026,2299.0,2024-12-28,2025-04-16 13:50:28
10068712540026_10,10068712540026,2288.0,2024-12-10,2025-04-16 13:50:28
10068712540026_11,10068712540026,2289.0,2024-11-28,2025-04-16 13:50:28
10068712540026_12,10068712540026,2338.0,2024-11-19,2025-04-16 13:50:28
10068712540026_13,10068712540026,2399.0,2024-09-07,2025-04-16 13:50:28
